trial_id,random_state,dataset_fraction,dataset_rows,aggregate,method,exact_result,estimated_result,relative_error,time_seconds,sample_fraction,sample_size,confidence_interval_lower,confidence_interval_upper,relative_error_estimate
1,143,0.1,1000,COUNT,Exact Query,1000.0,1000.0,0.0,0.00038099999983387534,1.0,1000,1000.0,1000.0,0.0
1,143,0.1,1000,COUNT,Uniform Sampling,1000.0,1000.0,0.0,0.00031420000004800386,0.1,100,,,
1,143,0.1,1000,COUNT,Stratified Sampling,1000.0,1000.0,0.0,0.0034052999999403255,0.1,98,,,
1,143,0.1,1000,COUNT,Adaptive Sampling,1000.0,1000.0,0.0,0.0003546000002643268,0.05,50,1000.0,1000.0,0.0
1,143,0.1,1000,SUM,Exact Query,418316.18,418316.18,0.0,5.340000006981427e-05,1.0,1000,418316.18,418316.18,0.0
1,143,0.1,1000,SUM,Uniform Sampling,418316.18,461516.30000000005,0.1032714536645464,0.000283900000340509,0.1,100,,,
1,143,0.1,1000,SUM,Stratified Sampling,418316.18,416297.68235209235,0.004825291835251611,0.00233299999990777,0.1,98,,,
1,143,0.1,1000,SUM,Adaptive Sampling,418316.18,414688.22857142857,0.00867274947043986,0.0020860999998149055,0.35,350,374353.3981130306,455023.05902982655,0.09726543383531425
1,143,0.1,1000,AVG,Exact Query,418.31618,418.31618,0.0,2.6300000172341242e-05,1.0,1000,418.31618,418.31618,0.0
1,143,0.1,1000,AVG,Uniform Sampling,418.31618,461.51630000000006,0.10327145366454649,0.00021209999977145344,0.1,100,,,
1,143,0.1,1000,AVG,Stratified Sampling,418.31618,416.29768235209235,0.004825291835251562,0.0021638999996866914,0.1,98,,,
1,143,0.1,1000,AVG,Adaptive Sampling,418.31618,414.68822857142857,0.008672749470439818,0.002353800000037154,0.35,350,374.3533981130306,455.0230590298265,0.09726543383531423
2,144,0.1,1000,COUNT,Exact Query,1000.0,1000.0,0.0,3.150000020468724e-05,1.0,1000,1000.0,1000.0,0.0
2,144,0.1,1000,COUNT,Uniform Sampling,1000.0,1000.0,0.0,0.0002417000000605185,0.1,100,,,
2,144,0.1,1000,COUNT,Stratified Sampling,1000.0,1000.0,0.0,0.002188600000408769,0.1,97,,,
2,144,0.1,1000,COUNT,Adaptive Sampling,1000.0,1000.0,0.0,0.00024609999991298537,0.05,50,1000.0,1000.0,0.0
2,144,0.1,1000,SUM,Exact Query,406612.12999999995,406612.12999999995,0.0,3.319999996165279e-05,1.0,1000,406612.12999999995,406612.12999999995,0.0
2,144,0.1,1000,SUM,Uniform Sampling,406612.12999999995,394968.79999999993,0.028634979482781337,0.00021900000001551234,0.1,100,,,
2,144,0.1,1000,SUM,Stratified Sampling,406612.12999999995,396071.71518555004,0.025922529203567798,0.0024103000000650354,0.1,97,,,
2,144,0.1,1000,SUM,Adaptive Sampling,406612.12999999995,374502.9666666667,0.07896754908254526,0.001754000000346423,0.3,300,338472.23004401446,410533.7032893189,0.09620948251318398
2,144,0.1,1000,AVG,Exact Query,406.6121299999999,406.6121299999999,0.0,2.7799999770650174e-05,1.0,1000,406.6121299999999,406.6121299999999,0.0
2,144,0.1,1000,AVG,Uniform Sampling,406.6121299999999,394.9688,0.02863497948278114,0.00022330000001602457,0.1,100,,,
2,144,0.1,1000,AVG,Stratified Sampling,406.6121299999999,396.0717151855501,0.02592252920356762,0.0021706999996240484,0.1,97,,,
2,144,0.1,1000,AVG,Adaptive Sampling,406.6121299999999,374.5029666666667,0.07896754908254519,0.001661199999944074,0.3,300,338.4722300440145,410.53370328931885,0.09620948251318398
3,145,0.1,1000,COUNT,Exact Query,1000.0,1000.0,0.0,2.66000001829525e-05,1.0,1000,1000.0,1000.0,0.0
3,145,0.1,1000,COUNT,Uniform Sampling,1000.0,1000.0,0.0,0.00024069999972198275,0.1,100,,,
3,145,0.1,1000,COUNT,Stratified Sampling,1000.0,1000.0,0.0,0.002651899999818852,0.1,98,,,
3,145,0.1,1000,COUNT,Adaptive Sampling,1000.0,1000.0,0.0,0.00025009999990288634,0.05,50,1000.0,1000.0,0.0
3,145,0.1,1000,SUM,Exact Query,413637.29000000004,413637.29000000004,0.0,2.9100000119797187e-05,1.0,1000,413637.29000000004,413637.29000000004,0.0
3,145,0.1,1000,SUM,Uniform Sampling,413637.29000000004,350799.30000000005,0.15191567955587365,0.00022669999998470303,0.1,100,,,
3,145,0.1,1000,SUM,Stratified Sampling,413637.29000000004,440910.40356389456,0.06593485215971347,0.002241899999717134,0.1,98,,,
3,145,0.1,1000,SUM,Adaptive Sampling,413637.29000000004,388339.85714285716,0.06115849191726132,0.0019961000002695073,0.35,350,350669.80565756385,426009.9086281505,0.09700279482627455
3,145,0.1,1000,AVG,Exact Query,413.63729000000006,413.63729000000006,0.0,3.169999990859651e-05,1.0,1000,413.63729000000006,413.63729000000006,0.0
3,145,0.1,1000,AVG,Uniform Sampling,413.63729000000006,350.7993000000001,0.15191567955587365,0.00020670000003519817,0.1,100,,,
3,145,0.1,1000,AVG,Stratified Sampling,413.63729000000006,440.9104035638946,0.06593485215971345,0.0029596999997920648,0.1,98,,,
3,145,0.1,1000,AVG,Adaptive Sampling,413.63729000000006,388.33985714285717,0.06115849191726135,0.0021048999997219653,0.35,350,350.6698056575638,426.0099086281505,0.09700279482627455
4,146,0.1,1000,COUNT,Exact Query,1000.0,1000.0,0.0,3.66000003850786e-05,1.0,1000,1000.0,1000.0,0.0
4,146,0.1,1000,COUNT,Uniform Sampling,1000.0,1000.0,0.0,0.0002362999998695159,0.1,100,,,
4,146,0.1,1000,COUNT,Stratified Sampling,1000.0,1000.0,0.0,0.0021204999998190033,0.1,98,,,
4,146,0.1,1000,COUNT,Adaptive Sampling,1000.0,1000.0,0.0,0.0002260999999634805,0.05,50,1000.0,1000.0,0.0
4,146,0.1,1000,SUM,Exact Query,399214.2,399214.2,0.0,2.7999999929306796e-05,1.0,1000,399214.2,399214.2,0.0
4,146,0.1,1000,SUM,Uniform Sampling,399214.2,372108.39999999997,0.06789788539586028,0.0003167999998368032,0.1,100,,,
4,146,0.1,1000,SUM,Stratified Sampling,399214.2,391635.29478715727,0.018984558196684244,0.0022226999999475083,0.1,98,,,
4,146,0.1,1000,SUM,Adaptive Sampling,399214.2,409319.3,0.025312476359808784,0.002214099999946484,0.39999999999999997,400,370080.3803287513,448558.2196712487,0.09586383947995777
4,146,0.1,1000,AVG,Exact Query,399.2142,399.2142,0.0,2.389999963270384e-05,1.0,1000,399.2142,399.2142,0.0
4,146,0.1,1000,AVG,Uniform Sampling,399.2142,372.10839999999996,0.06789788539586028,0.00021329999981389847,0.1,100,,,
4,146,0.1,1000,AVG,Stratified Sampling,399.2142,391.63529478715725,0.018984558196684275,0.002100300000165589,0.1,98,,,
4,146,0.1,1000,AVG,Adaptive Sampling,399.2142,409.3193,0.025312476359808826,0.0022036000000298372,0.39999999999999997,400,370.0803803287513,448.5582196712487,0.09586383947995777
5,147,0.1,1000,COUNT,Exact Query,1000.0,1000.0,0.0,3.0200000310287578e-05,1.0,1000,1000.0,1000.0,0.0
5,147,0.1,1000,COUNT,Uniform Sampling,1000.0,1000.0,0.0,0.0002365000000281725,0.1,100,,,
5,147,0.1,1000,COUNT,Stratified Sampling,1000.0,1000.0,0.0,0.0020731999998133688,0.1,98,,,
5,147,0.1,1000,COUNT,Adaptive Sampling,1000.0,1000.0,0.0,0.00023160000000643777,0.05,50,1000.0,1000.0,0.0
5,147,0.1,1000,SUM,Exact Query,421250.99,421250.99,0.0,2.9299999823706457e-05,1.0,1000,421250.99,421250.99,0.0
5,147,0.1,1000,SUM,Uniform Sampling,421250.99,421922.69999999995,0.0015945600507667954,0.00021259999994072132,0.1,100,,,
5,147,0.1,1000,SUM,Stratified Sampling,421250.99,431620.9755968194,0.024617118637084823,0.002108199999838689,0.1,98,,,
5,147,0.1,1000,SUM,Adaptive Sampling,421250.99,402266.6,0.045066695273523305,0.0019735000000764558,0.35,350,364670.40638585144,439862.7936141485,0.09346088791400663
5,147,0.1,1000,AVG,Exact Query,421.25099,421.25099,0.0,2.5400000140507473e-05,1.0,1000,421.25099,421.25099,0.0
5,147,0.1,1000,AVG,Uniform Sampling,421.25099,421.92269999999996,0.001594560050766793,0.0002082999999402091,0.1,100,,,
5,147,0.1,1000,AVG,Stratified Sampling,421.25099,431.6209755968194,0.024617118637084722,0.0023808000000826723,0.1,98,,,
5,147,0.1,1000,AVG,Adaptive Sampling,421.25099,402.2666,0.04506669527352332,0.0022164000001794193,0.35,350,364.67040638585144,439.86279361414853,0.09346088791400661
6,148,0.1,1000,COUNT,Exact Query,1000.0,1000.0,0.0,2.9199999971751822e-05,1.0,1000,1000.0,1000.0,0.0
6,148,0.1,1000,COUNT,Uniform Sampling,1000.0,1000.0,0.0,0.00023639999972147052,0.1,100,,,
6,148,0.1,1000,COUNT,Stratified Sampling,1000.0,1000.0,0.0,0.0022340999998959887,0.1,98,,,
6,148,0.1,1000,COUNT,Adaptive Sampling,1000.0,1000.0,0.0,0.00022980000039751758,0.05,50,1000.0,1000.0,0.0
6,148,0.1,1000,SUM,Exact Query,431156.48,431156.48,0.0,2.8699999802483944e-05,1.0,1000,431156.48,431156.48,0.0
6,148,0.1,1000,SUM,Uniform Sampling,431156.48,427843.9,0.00768301104972366,0.00022769999986849143,0.1,100,,,
6,148,0.1,1000,SUM,Stratified Sampling,431156.48,409042.50867485336,0.051289896710230626,0.0021406999999271648,0.1,98,,,
6,148,0.1,1000,SUM,Adaptive Sampling,431156.48,419975.25,0.02593311365748227,0.002194200000303681,0.39999999999999997,400,381179.9421351437,458770.5578648563,0.0923752241706061
6,148,0.1,1000,AVG,Exact Query,431.15648,431.15648,0.0,2.5099999675148865e-05,1.0,1000,431.15648,431.15648,0.0
6,148,0.1,1000,AVG,Uniform Sampling,431.15648,427.8439000000001,0.0076830110497235525,0.0002164999996239203,0.1,100,,,
6,148,0.1,1000,AVG,Stratified Sampling,431.15648,409.04250867485337,0.05128989671023064,0.0021292000001267297,0.1,98,,,
6,148,0.1,1000,AVG,Adaptive Sampling,431.15648,419.97525,0.025933113657482246,0.002329500000087137,0.39999999999999997,400,381.1799421351437,458.77055786485636,0.0923752241706061
7,149,0.1,1000,COUNT,Exact Query,1000.0,1000.0,0.0,3.72999998035084e-05,1.0,1000,1000.0,1000.0,0.0
7,149,0.1,1000,COUNT,Uniform Sampling,1000.0,1000.0,0.0,0.0002320999997209583,0.1,100,,,
7,149,0.1,1000,COUNT,Stratified Sampling,1000.0,1000.0,0.0,0.002098800000112533,0.1,98,,,
7,149,0.1,1000,COUNT,Adaptive Sampling,1000.0,1000.0,0.0,0.00022290000015345868,0.05,50,1000.0,1000.0,0.0
7,149,0.1,1000,SUM,Exact Query,422916.44000000006,422916.44000000006,0.0,2.8299999939918052e-05,1.0,1000,422916.44000000006,422916.44000000006,0.0
7,149,0.1,1000,SUM,Uniform Sampling,422916.44000000006,476027.1999999999,0.1255821599179257,0.00021250000008876668,0.1,100,,,
7,149,0.1,1000,SUM,Stratified Sampling,422916.44000000006,382376.8005128205,0.09585732701045997,0.0021115999998073676,0.1,98,,,
7,149,0.1,1000,SUM,Adaptive Sampling,422916.44000000006,445554.6,0.05352868287645643,0.0016887000001588603,0.3,300,403572.367715107,487536.83228489297,0.09422466356512309
7,149,0.1,1000,AVG,Exact Query,422.9164400000001,422.9164400000001,0.0,2.5499999992462108e-05,1.0,1000,422.9164400000001,422.9164400000001,0.0
7,149,0.1,1000,AVG,Uniform Sampling,422.9164400000001,476.02719999999994,0.12558215991792573,0.00021259999994072132,0.1,100,,,
7,149,0.1,1000,AVG,Stratified Sampling,422.9164400000001,382.37680051282047,0.09585732701046004,0.0021898999998484214,0.1,98,,,
7,149,0.1,1000,AVG,Adaptive Sampling,422.9164400000001,445.5546,0.05352868287645642,0.0016610000002401648,0.3,300,403.572367715107,487.53683228489297,0.09422466356512307
8,150,0.1,1000,COUNT,Exact Query,1000.0,1000.0,0.0,2.6599999728205148e-05,1.0,1000,1000.0,1000.0,0.0
8,150,0.1,1000,COUNT,Uniform Sampling,1000.0,1000.0,0.0,0.0002389999999650172,0.1,100,,,
8,150,0.1,1000,COUNT,Stratified Sampling,1000.0,1000.0,0.0,0.0024488999997629435,0.1,99,,,
8,150,0.1,1000,COUNT,Adaptive Sampling,1000.0,1000.0,0.0,0.00024329999996552942,0.05,50,1000.0,1000.0,0.0
8,150,0.1,1000,SUM,Exact Query,410731.69000000006,410731.69000000006,0.0,2.949999998236308e-05,1.0,1000,410731.69000000006,410731.69000000006,0.0
8,150,0.1,1000,SUM,Uniform Sampling,410731.69000000006,405503.69999999995,0.012728479752804334,0.00021670000023732428,0.1,100,,,
8,150,0.1,1000,SUM,Stratified Sampling,410731.69000000006,443572.26728367625,0.07995627823038487,0.0023129000001063105,0.1,99,,,
8,150,0.1,1000,SUM,Adaptive Sampling,410731.69000000006,389874.8857142857,0.050779632527780706,0.002017700000124023,0.35,350,351021.6238048686,428728.1476237028,0.09965571862428241
8,150,0.1,1000,AVG,Exact Query,410.73169000000007,410.73169000000007,0.0,2.699999959077104e-05,1.0,1000,410.73169000000007,410.73169000000007,0.0
8,150,0.1,1000,AVG,Uniform Sampling,410.73169000000007,405.5037,0.012728479752804294,0.0002116000000569329,0.1,100,,,
8,150,0.1,1000,AVG,Stratified Sampling,410.73169000000007,443.57226728367624,0.07995627823038481,0.002121100000294973,0.1,99,,,
8,150,0.1,1000,AVG,Adaptive Sampling,410.73169000000007,389.8748857142857,0.05077963252778075,0.0019151999999849068,0.35,350,351.02162380486857,428.72814762370285,0.0996557186242824
9,151,0.1,1000,COUNT,Exact Query,1000.0,1000.0,0.0,3.0899999728717376e-05,1.0,1000,1000.0,1000.0,0.0
9,151,0.1,1000,COUNT,Uniform Sampling,1000.0,1000.0,0.0,0.00023780000037731952,0.1,100,,,
9,151,0.1,1000,COUNT,Stratified Sampling,1000.0,1000.0,0.0,0.002111699999659322,0.1,99,,,
9,151,0.1,1000,COUNT,Adaptive Sampling,1000.0,1000.0,0.0,0.00022399999988920172,0.05,50,1000.0,1000.0,0.0
9,151,0.1,1000,SUM,Exact Query,430814.87,430814.87,0.0,2.880000010918593e-05,1.0,1000,430814.87,430814.87,0.0
9,151,0.1,1000,SUM,Uniform Sampling,430814.87,396549.3999999999,0.07953641433035978,0.00021419999984573224,0.1,100,,,
9,151,0.1,1000,SUM,Stratified Sampling,430814.87,410378.08937905845,0.04743750052300085,0.002124300000104995,0.1,99,,,
9,151,0.1,1000,SUM,Adaptive Sampling,430814.87,400736.60000000003,0.06981715835388867,0.0019855000000461587,0.3,300,361895.0993848019,439578.10061519814,0.09692526366495625
9,151,0.1,1000,AVG,Exact Query,430.81487,430.81487,0.0,2.750000021478627e-05,1.0,1000,430.81487,430.81487,0.0
9,151,0.1,1000,AVG,Uniform Sampling,430.81487,396.54939999999993,0.0795364143303597,0.000224199999593111,0.1,100,,,
9,151,0.1,1000,AVG,Stratified Sampling,430.81487,410.37808937905845,0.04743750052300083,0.002134200000000419,0.1,99,,,
9,151,0.1,1000,AVG,Adaptive Sampling,430.81487,400.7366,0.0698171583538887,0.0016273999999611988,0.3,300,361.8950993848019,439.57810061519814,0.09692526366495627
10,152,0.1,1000,COUNT,Exact Query,1000.0,1000.0,0.0,3.3600000278966036e-05,1.0,1000,1000.0,1000.0,0.0
10,152,0.1,1000,COUNT,Uniform Sampling,1000.0,1000.0,0.0,0.00023139999984778115,0.1,100,,,
10,152,0.1,1000,COUNT,Stratified Sampling,1000.0,1000.0,0.0,0.0020662000001721026,0.1,98,,,
10,152,0.1,1000,COUNT,Adaptive Sampling,1000.0,1000.0,0.0,0.0002227999998467567,0.05,50,1000.0,1000.0,0.0
10,152,0.1,1000,SUM,Exact Query,403409.5800000001,403409.5800000001,0.0,2.8199999633216066e-05,1.0,1000,403409.5800000001,403409.5800000001,0.0
10,152,0.1,1000,SUM,Uniform Sampling,403409.5800000001,411964.8000000001,0.021207280203905988,0.00021560000004683388,0.1,100,,,
10,152,0.1,1000,SUM,Stratified Sampling,403409.5800000001,416930.4014159664,0.03351636174819229,0.0020669999998972344,0.1,98,,,
10,152,0.1,1000,SUM,Adaptive Sampling,403409.5800000001,389563.50000000006,0.03432263557052863,0.0016954000002442626,0.3,300,352658.3984793379,426468.6015206622,0.09473449519953005
10,152,0.1,1000,AVG,Exact Query,403.40958000000006,403.40958000000006,0.0,2.7300000056129647e-05,1.0,1000,403.40958000000006,403.40958000000006,0.0
10,152,0.1,1000,AVG,Uniform Sampling,403.40958000000006,411.9648000000001,0.021207280203905964,0.00021709999964514282,0.1,100,,,
10,152,0.1,1000,AVG,Stratified Sampling,403.40958000000006,416.9304014159664,0.033516361748192336,0.00211040000021967,0.1,98,,,
10,152,0.1,1000,AVG,Adaptive Sampling,403.40958000000006,389.56350000000003,0.034322635570528656,0.0017778999999791267,0.3,300,352.6583984793379,426.46860152066216,0.09473449519953005
1,293,0.25,2500,COUNT,Exact Query,2500.0,2500.0,0.0,3.309999965495081e-05,1.0,2500,2500.0,2500.0,0.0
1,293,0.25,2500,COUNT,Uniform Sampling,2500.0,2500.0,0.0,0.0002604000001156237,0.1,250,,,
1,293,0.25,2500,COUNT,Stratified Sampling,2500.0,2500.0,0.0,0.00243159999990894,0.1,249,,,
1,293,0.25,2500,COUNT,Adaptive Sampling,2500.0,2500.0,0.0,0.00026149999985136674,0.05,125,2500.0,2500.0,0.0
1,293,0.25,2500,SUM,Exact Query,1067046.52,1067046.52,0.0,3.0700000024808105e-05,1.0,2500,1067046.52,1067046.52,0.0
1,293,0.25,2500,SUM,Uniform Sampling,1067046.52,974136.3999999999,0.08707222999049762,0.00025920000007317867,0.1,250,,,
1,293,0.25,2500,SUM,Stratified Sampling,1067046.52,1122662.739677295,0.05212164477823804,0.002305100000285165,0.1,249,,,
1,293,0.25,2500,SUM,Adaptive Sampling,1067046.52,974136.4,0.0870722299904975,0.0006226000000424392,0.1,250,878965.301904535,1069307.498095465,0.09769791796658554
1,293,0.25,2500,AVG,Exact Query,426.818608,426.818608,0.0,2.7399999908084283e-05,1.0,2500,426.818608,426.818608,0.0
1,293,0.25,2500,AVG,Uniform Sampling,426.818608,389.65456,0.08707222999049746,0.00023569999984829337,0.1,250,,,
1,293,0.25,2500,AVG,Stratified Sampling,426.818608,449.06509587091796,0.05212164477823791,0.0022785999999541673,0.1,249,,,
1,293,0.25,2500,AVG,Adaptive Sampling,426.818608,389.65456,0.08707222999049746,0.0006321999999272521,0.1,250,351.586120761814,427.722999238186,0.09769791796658553
2,294,0.25,2500,COUNT,Exact Query,2500.0,2500.0,0.0,3.0899999728717376e-05,1.0,2500,2500.0,2500.0,0.0
2,294,0.25,2500,COUNT,Uniform Sampling,2500.0,2500.0,0.0,0.00029660000018338906,0.1,250,,,
2,294,0.25,2500,COUNT,Stratified Sampling,2500.0,2500.0,0.0,0.002352999999857275,0.1,249,,,
2,294,0.25,2500,COUNT,Adaptive Sampling,2500.0,2500.0,0.0,0.0002463999999235966,0.05,125,2500.0,2500.0,0.0
2,294,0.25,2500,SUM,Exact Query,1064610.01,1064610.01,0.0,2.790000007735216e-05,1.0,2500,1064610.01,1064610.01,0.0
2,294,0.25,2500,SUM,Uniform Sampling,1064610.01,994404.2999999999,0.06594500271512578,0.0002546999999140098,0.1,250,,,
2,294,0.25,2500,SUM,Stratified Sampling,1064610.01,1000768.0404462519,0.05996747067383684,0.0022952999997869483,0.1,249,,,
2,294,0.25,2500,SUM,Adaptive Sampling,1064610.01,988022.4666666667,0.07193952960608865,0.0009534999999232241,0.15000000000000002,375,902191.0053503467,1073853.9279829867,0.08687197327191681
2,294,0.25,2500,AVG,Exact Query,425.844004,425.844004,0.0,2.8100000236008782e-05,1.0,2500,425.844004,425.844004,0.0
2,294,0.25,2500,AVG,Uniform Sampling,425.844004,397.76171999999997,0.06594500271512574,0.0002451999998811516,0.1,250,,,
2,294,0.25,2500,AVG,Stratified Sampling,425.844004,400.30721617850077,0.059967470673836745,0.002323100000012346,0.1,249,,,
2,294,0.25,2500,AVG,Adaptive Sampling,425.844004,395.20898666666665,0.07193952960608867,0.0009208999999827938,0.15000000000000002,375,360.8764021401387,429.5415711931946,0.08687197327191681
3,295,0.25,2500,COUNT,Exact Query,2500.0,2500.0,0.0,2.949999998236308e-05,1.0,2500,2500.0,2500.0,0.0
3,295,0.25,2500,COUNT,Uniform Sampling,2500.0,2500.0,0.0,0.00024739999980738503,0.1,250,,,
3,295,0.25,2500,COUNT,Stratified Sampling,2500.0,2500.0,0.0,0.0022586000000046624,0.1,249,,,
3,295,0.25,2500,COUNT,Adaptive Sampling,2500.0,2500.0,0.0,0.0002440999996906612,0.05,125,2500.0,2500.0,0.0
3,295,0.25,2500,SUM,Exact Query,1041057.4400000001,1041057.4400000001,0.0,2.9199999971751822e-05,1.0,2500,1041057.4400000001,1041057.4400000001,0.0
3,295,0.25,2500,SUM,Uniform Sampling,1041057.4400000001,1042709.9,0.0015872899385839486,0.0002459000002090761,0.1,250,,,
3,295,0.25,2500,SUM,Stratified Sampling,1041057.4400000001,1025007.8093165206,0.015416662008082359,0.0023603999998158542,0.1,249,,,
3,295,0.25,2500,SUM,Adaptive Sampling,1041057.4400000001,1042709.9000000001,0.0015872899385840603,0.0006279999997786945,0.1,250,938800.22331504,1146619.5766849604,0.09965348625246595
3,295,0.25,2500,AVG,Exact Query,416.422976,416.422976,0.0,3.1599999601894524e-05,1.0,2500,416.422976,416.422976,0.0
3,295,0.25,2500,AVG,Uniform Sampling,416.422976,417.08396000000005,0.0015872899385840846,0.0002316999998583924,0.1,250,,,
3,295,0.25,2500,AVG,Stratified Sampling,416.422976,410.0031237266081,0.015416662008082576,0.0022958000004109635,0.1,249,,,
3,295,0.25,2500,AVG,Adaptive Sampling,416.422976,417.08396000000005,0.0015872899385840846,0.0006252000002859859,0.1,250,375.520089326016,458.6478306739841,0.09965348625246595
4,296,0.25,2500,COUNT,Exact Query,2500.0,2500.0,0.0,2.880000010918593e-05,1.0,2500,2500.0,2500.0,0.0
4,296,0.25,2500,COUNT,Uniform Sampling,2500.0,2500.0,0.0,0.00025550000009388896,0.1,250,,,
4,296,0.25,2500,COUNT,Stratified Sampling,2500.0,2500.0,0.0,0.0022773999999117223,0.1,248,,,
4,296,0.25,2500,COUNT,Adaptive Sampling,2500.0,2500.0,0.0,0.00024810000013530953,0.05,125,2500.0,2500.0,0.0
4,296,0.25,2500,SUM,Exact Query,1058891.43,1058891.43,0.0,2.89999998130952e-05,1.0,2500,1058891.43,1058891.43,0.0
4,296,0.25,2500,SUM,Uniform Sampling,1058891.43,1081924.0999999999,0.02175168232308758,0.0002347999998164596,0.1,250,,,
4,296,0.25,2500,SUM,Stratified Sampling,1058891.43,1111026.9492981303,0.04923594414030758,0.0023303999996642233,0.1,248,,,
4,296,0.25,2500,SUM,Adaptive Sampling,1058891.43,1021206.4000000001,0.03558913495031289,0.0009294999999838183,0.15000000000000002,375,921550.8087591241,1120861.9912408763,0.09758614051074886
4,296,0.25,2500,AVG,Exact Query,423.55657199999996,423.55657199999996,0.0,2.7499999760038918e-05,1.0,2500,423.55657199999996,423.55657199999996,0.0
4,296,0.25,2500,AVG,Uniform Sampling,423.55657199999996,432.76964000000004,0.021751682323087832,0.00025219999997716513,0.1,250,,,
4,296,0.25,2500,AVG,Stratified Sampling,423.55657199999996,444.4107797192522,0.049235944140307804,0.002268799999910698,0.1,248,,,
4,296,0.25,2500,AVG,Adaptive Sampling,423.55657199999996,408.48256000000003,0.03558913495031291,0.0009124000002884713,0.15000000000000002,375,368.6203235036496,448.34479649635045,0.09758614051074886
5,297,0.25,2500,COUNT,Exact Query,2500.0,2500.0,0.0,2.9199999971751822e-05,1.0,2500,2500.0,2500.0,0.0
5,297,0.25,2500,COUNT,Uniform Sampling,2500.0,2500.0,0.0,0.0002637999996295548,0.1,250,,,
5,297,0.25,2500,COUNT,Stratified Sampling,2500.0,2500.0,0.0,0.002276700000038545,0.1,248,,,
5,297,0.25,2500,COUNT,Adaptive Sampling,2500.0,2500.0,0.0,0.00026860000025408226,0.05,125,2500.0,2500.0,0.0
5,297,0.25,2500,SUM,Exact Query,1064870.01,1064870.01,0.0,3.0300000162242213e-05,1.0,2500,1064870.01,1064870.01,0.0
5,297,0.25,2500,SUM,Uniform Sampling,1064870.01,1061323.0,0.003330932383005142,0.00023839999994379468,0.1,250,,,
5,297,0.25,2500,SUM,Stratified Sampling,1064870.01,1102942.5129033343,0.035753192921016086,0.002331099999992148,0.1,248,,,
5,297,0.25,2500,SUM,Adaptive Sampling,1064870.01,1061323.0,0.003330932383005142,0.0006140999998933694,0.1,250,957328.3542527669,1165317.6457472332,0.09798585892064254
5,297,0.25,2500,AVG,Exact Query,425.948004,425.948004,0.0,3.820000029008952e-05,1.0,2500,425.948004,425.948004,0.0
5,297,0.25,2500,AVG,Uniform Sampling,425.948004,424.5292,0.0033309323830051866,0.00025279999999838765,0.1,250,,,
5,297,0.25,2500,AVG,Stratified Sampling,425.948004,441.17700516133374,0.03575319292101604,0.002265999999963242,0.1,248,,,
5,297,0.25,2500,AVG,Adaptive Sampling,425.948004,424.5292,0.0033309323830051866,0.000599899999997433,0.1,250,382.93134170110676,466.12705829889325,0.09798585892064254
6,298,0.25,2500,COUNT,Exact Query,2500.0,2500.0,0.0,2.880000010918593e-05,1.0,2500,2500.0,2500.0,0.0
6,298,0.25,2500,COUNT,Uniform Sampling,2500.0,2500.0,0.0,0.00026320000006307964,0.1,250,,,
6,298,0.25,2500,COUNT,Stratified Sampling,2500.0,2500.0,0.0,0.0022458000003098277,0.1,248,,,
6,298,0.25,2500,COUNT,Adaptive Sampling,2500.0,2500.0,0.0,0.00025669999968158663,0.05,125,2500.0,2500.0,0.0
6,298,0.25,2500,SUM,Exact Query,1037788.1399999999,1037788.1399999999,0.0,2.9599999834317714e-05,1.0,2500,1037788.1399999999,1037788.1399999999,0.0
6,298,0.25,2500,SUM,Uniform Sampling,1037788.1399999999,1023678.9999999999,0.013595395299082928,0.00023759999976391555,0.1,250,,,
6,298,0.25,2500,SUM,Stratified Sampling,1037788.1399999999,954104.9257696833,0.08063612504794725,0.002725000000282307,0.1,248,,,
6,298,0.25,2500,SUM,Adaptive Sampling,1037788.1399999999,1026570.7333333333,0.010808956312284143,0.0009476999998696556,0.15000000000000002,375,941019.313128729,1112122.1535379374,0.08333709254189818
6,298,0.25,2500,AVG,Exact Query,415.11525599999993,415.11525599999993,0.0,2.7300000056129647e-05,1.0,2500,415.11525599999993,415.11525599999993,0.0
6,298,0.25,2500,AVG,Uniform Sampling,415.11525599999993,409.47159999999997,0.01359539529908283,0.00023639999972147052,0.1,250,,,
6,298,0.25,2500,AVG,Stratified Sampling,415.11525599999993,381.64197030787335,0.08063612504794714,0.002341800000067451,0.1,248,,,
6,298,0.25,2500,AVG,Adaptive Sampling,415.11525599999993,410.6282933333333,0.010808956312284061,0.000911199999791279,0.15000000000000002,375,376.4077252514916,444.848861415175,0.08333709254189818
7,299,0.25,2500,COUNT,Exact Query,2500.0,2500.0,0.0,3.0100000003585592e-05,1.0,2500,2500.0,2500.0,0.0
7,299,0.25,2500,COUNT,Uniform Sampling,2500.0,2500.0,0.0,0.0002586999999039108,0.1,250,,,
7,299,0.25,2500,COUNT,Stratified Sampling,2500.0,2500.0,0.0,0.0022693999999319203,0.1,249,,,
7,299,0.25,2500,COUNT,Adaptive Sampling,2500.0,2500.0,0.0,0.00025529999993523234,0.05,125,2500.0,2500.0,0.0
7,299,0.25,2500,SUM,Exact Query,1050907.2400000002,1050907.2400000002,0.0,2.990000029967632e-05,1.0,2500,1050907.2400000002,1050907.2400000002,0.0
7,299,0.25,2500,SUM,Uniform Sampling,1050907.2400000002,1047117.2,0.0036064457982041016,0.00023489999966841424,0.1,250,,,
7,299,0.25,2500,SUM,Stratified Sampling,1050907.2400000002,1046867.3836575053,0.0038441607296329527,0.0022785999999541673,0.1,249,,,
7,299,0.25,2500,SUM,Adaptive Sampling,1050907.2400000002,1043211.0666666669,0.007323361225804608,0.0009340999999949418,0.15000000000000002,375,955767.2832414714,1130654.8500918625,0.08382175594110726
7,299,0.25,2500,AVG,Exact Query,420.3628960000001,420.3628960000001,0.0,2.6400000024295878e-05,1.0,2500,420.3628960000001,420.3628960000001,0.0
7,299,0.25,2500,AVG,Uniform Sampling,420.3628960000001,418.84688,0.0036064457982040656,0.0002337999999326712,0.1,250,,,
7,299,0.25,2500,AVG,Stratified Sampling,420.3628960000001,418.7469534630021,0.0038441607296329427,0.0022893000000294705,0.1,249,,,
7,299,0.25,2500,AVG,Adaptive Sampling,420.3628960000001,417.2844266666668,0.007323361225804563,0.0009317999997620063,0.15000000000000002,375,382.30691329658856,452.261940036745,0.08382175594110725
8,300,0.25,2500,COUNT,Exact Query,2500.0,2500.0,0.0,2.989999984492897e-05,1.0,2500,2500.0,2500.0,0.0
8,300,0.25,2500,COUNT,Uniform Sampling,2500.0,2500.0,0.0,0.0002567999999882886,0.1,250,,,
8,300,0.25,2500,COUNT,Stratified Sampling,2500.0,2500.0,0.0,0.002243200000066281,0.1,248,,,
8,300,0.25,2500,COUNT,Adaptive Sampling,2500.0,2500.0,0.0,0.0002546999999140098,0.05,125,2500.0,2500.0,0.0
8,300,0.25,2500,SUM,Exact Query,1041157.9299999999,1041157.9299999999,0.0,2.949999998236308e-05,1.0,2500,1041157.9299999999,1041157.9299999999,0.0
8,300,0.25,2500,SUM,Uniform Sampling,1041157.9299999999,973127.3,0.0653413166626891,0.0002484999999978754,0.1,250,,,
8,300,0.25,2500,SUM,Stratified Sampling,1041157.9299999999,1024958.5086476743,0.015559043335842038,0.0023176999998213432,0.1,248,,,
8,300,0.25,2500,SUM,Adaptive Sampling,1041157.9299999999,952001.7333333334,0.08563177026050846,0.0009203999998135259,0.15000000000000002,375,867353.2972028885,1036650.1694637783,0.08891626261441493
8,300,0.25,2500,AVG,Exact Query,416.463172,416.463172,0.0,2.700000004551839e-05,1.0,2500,416.463172,416.463172,0.0
8,300,0.25,2500,AVG,Uniform Sampling,416.463172,389.25092000000006,0.06534131666268901,0.00023909999981697183,0.1,250,,,
8,300,0.25,2500,AVG,Stratified Sampling,416.463172,409.98340345906973,0.015559043335842074,0.002261200000248209,0.1,248,,,
8,300,0.25,2500,AVG,Adaptive Sampling,416.463172,380.80069333333336,0.08563177026050849,0.0009276000000681961,0.15000000000000002,375,346.9413188811554,414.66006778551133,0.08891626261441493
9,301,0.25,2500,COUNT,Exact Query,2500.0,2500.0,0.0,2.900000026784255e-05,1.0,2500,2500.0,2500.0,0.0
9,301,0.25,2500,COUNT,Uniform Sampling,2500.0,2500.0,0.0,0.0002588000002106128,0.1,250,,,
9,301,0.25,2500,COUNT,Stratified Sampling,2500.0,2500.0,0.0,0.0022866000003887166,0.1,249,,,
9,301,0.25,2500,COUNT,Adaptive Sampling,2500.0,2500.0,0.0,0.0002590999997664767,0.05,125,2500.0,2500.0,0.0
9,301,0.25,2500,SUM,Exact Query,1065346.75,1065346.75,0.0,2.9400000130408444e-05,1.0,2500,1065346.75,1065346.75,0.0
9,301,0.25,2500,SUM,Uniform Sampling,1065346.75,1091915.7,0.024939250999733143,0.0002498999997442297,0.1,250,,,
9,301,0.25,2500,SUM,Stratified Sampling,1065346.75,1113989.431172522,0.045659013060791724,0.0022931999997126695,0.1,249,,,
9,301,0.25,2500,SUM,Adaptive Sampling,1065346.75,1091915.7000000002,0.02493925099973336,0.0006202000004122965,0.1,250,989744.2962205297,1194087.1037794708,0.09357078003317518
9,301,0.25,2500,AVG,Exact Query,426.1387,426.1387,0.0,2.840000024662004e-05,1.0,2500,426.1387,426.1387,0.0
9,301,0.25,2500,AVG,Uniform Sampling,426.1387,436.76628000000005,0.024939250999733376,0.00024520000033589895,0.1,250,,,
9,301,0.25,2500,AVG,Stratified Sampling,426.1387,445.5957724690088,0.045659013060791794,0.0022994000000835513,0.1,249,,,
9,301,0.25,2500,AVG,Adaptive Sampling,426.1387,436.76628000000005,0.024939250999733376,0.000708900000063295,0.1,250,395.89771848821186,477.63484151178824,0.09357078003317518
10,302,0.25,2500,COUNT,Exact Query,2500.0,2500.0,0.0,2.8100000236008782e-05,1.0,2500,2500.0,2500.0,0.0
10,302,0.25,2500,COUNT,Uniform Sampling,2500.0,2500.0,0.0,0.00025539999978718697,0.1,250,,,
10,302,0.25,2500,COUNT,Stratified Sampling,2500.0,2500.0,0.0,0.0022561999999197724,0.1,249,,,
10,302,0.25,2500,COUNT,Adaptive Sampling,2500.0,2500.0,0.0,0.0002604000001156237,0.05,125,2500.0,2500.0,0.0
10,302,0.25,2500,SUM,Exact Query,1021475.99,1021475.99,0.0,2.9199999971751822e-05,1.0,2500,1021475.99,1021475.99,0.0
10,302,0.25,2500,SUM,Uniform Sampling,1021475.99,1145372.0,0.1212911622132205,0.00023740000006000628,0.1,250,,,
10,302,0.25,2500,SUM,Stratified Sampling,1021475.99,954809.8894322735,0.06526448122165508,0.002285099999880913,0.1,249,,,
10,302,0.25,2500,SUM,Adaptive Sampling,1021475.99,1085904.1333333333,0.06307357584913309,0.0009322999999312742,0.15000000000000002,375,983164.5656386435,1188643.7010280231,0.09461200537041559
10,302,0.25,2500,AVG,Exact Query,408.590396,408.590396,0.0,2.7200000204175012e-05,1.0,2500,408.590396,408.590396,0.0
10,302,0.25,2500,AVG,Uniform Sampling,408.590396,458.1488,0.12129116221322049,0.0002312999999958265,0.1,250,,,
10,302,0.25,2500,AVG,Stratified Sampling,408.590396,381.9239557729094,0.0652644812216551,0.0022885000003043388,0.1,249,,,
10,302,0.25,2500,AVG,Adaptive Sampling,408.590396,434.3616533333333,0.06307357584913309,0.0009051000001818466,0.15000000000000002,375,393.2658262554574,475.45748041120925,0.09461200537041559
1,543,0.5,5000,COUNT,Exact Query,5000.0,5000.0,0.0,3.9600000036443816e-05,1.0,5000,5000.0,5000.0,0.0
1,543,0.5,5000,COUNT,Uniform Sampling,5000.0,5000.0,0.0,0.0003243000001020846,0.1,500,,,
1,543,0.5,5000,COUNT,Stratified Sampling,5000.0,5000.0,0.0,0.0030031000001145003,0.1,498,,,
1,543,0.5,5000,COUNT,Adaptive Sampling,5000.0,5000.0,0.0,0.0005869000001439417,0.05,250,5000.0,5000.0,0.0
1,543,0.5,5000,SUM,Exact Query,2114076.93,2114076.93,0.0,3.769999966607429e-05,1.0,5000,2114076.93,2114076.93,0.0
1,543,0.5,5000,SUM,Uniform Sampling,2114076.93,2201943.4,0.04156256981622695,0.0003165000002809393,0.1,500,,,
1,543,0.5,5000,SUM,Stratified Sampling,2114076.93,2289309.166607772,0.08288829707241156,0.003259000000070955,0.1,498,,,
1,543,0.5,5000,SUM,Adaptive Sampling,2114076.93,2201943.4000000004,0.04156256981622717,0.0010761000003185472,0.1,500,2007094.7312296466,2396792.068770354,0.08848940838822363
1,543,0.5,5000,AVG,Exact Query,422.81538600000005,422.81538600000005,0.0,4.5200000386103056e-05,1.0,5000,422.81538600000005,422.81538600000005,0.0
1,543,0.5,5000,AVG,Uniform Sampling,422.81538600000005,440.3886800000001,0.04156256981622715,0.00034009999990303186,0.1,500,,,
1,543,0.5,5000,AVG,Stratified Sampling,422.81538600000005,457.8618333215544,0.08288829707241152,0.0026993000001311884,0.1,498,,,
1,543,0.5,5000,AVG,Adaptive Sampling,422.81538600000005,440.3886800000001,0.04156256981622715,0.0007543000001533073,0.1,500,401.41894624592936,479.3584137540708,0.08848940838822363
2,544,0.5,5000,COUNT,Exact Query,5000.0,5000.0,0.0,3.299999980299617e-05,1.0,5000,5000.0,5000.0,0.0
2,544,0.5,5000,COUNT,Uniform Sampling,5000.0,5000.0,0.0,0.00030629999992015655,0.1,500,,,
2,544,0.5,5000,COUNT,Stratified Sampling,5000.0,5000.0,0.0,0.0026665000000321015,0.1,498,,,
2,544,0.5,5000,COUNT,Adaptive Sampling,5000.0,5000.0,0.0,0.00028599999996004044,0.05,250,5000.0,5000.0,0.0
2,544,0.5,5000,SUM,Exact Query,2101594.3800000004,2101594.3800000004,0.0,3.0199999855540227e-05,1.0,5000,2101594.3800000004,2101594.3800000004,0.0
2,544,0.5,5000,SUM,Uniform Sampling,2101594.3800000004,2286694.8,0.08807618718508346,0.00028539999993881793,0.1,500,,,
2,544,0.5,5000,SUM,Stratified Sampling,2101594.3800000004,2106729.5516030407,0.0024434646627863096,0.0029718000000684697,0.1,498,,,
2,544,0.5,5000,SUM,Adaptive Sampling,2101594.3800000004,2286694.8000000003,0.08807618718508368,0.0009411000000909553,0.1,500,2110528.5366383125,2462861.063361688,0.07703969211881176
2,544,0.5,5000,AVG,Exact Query,420.31887600000005,420.31887600000005,0.0,3.279999964433955e-05,1.0,5000,420.31887600000005,420.31887600000005,0.0
2,544,0.5,5000,AVG,Uniform Sampling,420.31887600000005,457.33896000000004,0.08807618718508373,0.0003022999999302556,0.1,500,,,
2,544,0.5,5000,AVG,Stratified Sampling,420.31887600000005,421.345910320608,0.002443464662786121,0.003053100000215636,0.1,498,,,
2,544,0.5,5000,AVG,Adaptive Sampling,420.31887600000005,457.33896000000004,0.08807618718508373,0.0008991000004243688,0.1,500,422.10570732766246,492.5722126723376,0.07703969211881176
3,545,0.5,5000,COUNT,Exact Query,5000.0,5000.0,0.0,3.599999990910874e-05,1.0,5000,5000.0,5000.0,0.0
3,545,0.5,5000,COUNT,Uniform Sampling,5000.0,5000.0,0.0,0.0003339999998388521,0.1,500,,,
3,545,0.5,5000,COUNT,Stratified Sampling,5000.0,5000.0,0.0,0.0026679999996304105,0.1,499,,,
3,545,0.5,5000,COUNT,Adaptive Sampling,5000.0,5000.0,0.0,0.0003004000000146334,0.05,250,5000.0,5000.0,0.0
3,545,0.5,5000,SUM,Exact Query,2061075.03,2061075.03,0.0,3.199999991920777e-05,1.0,5000,2061075.03,2061075.03,0.0
3,545,0.5,5000,SUM,Uniform Sampling,2061075.03,2057810.0,0.0015841393217014656,0.000292899999749352,0.1,500,,,
3,545,0.5,5000,SUM,Stratified Sampling,2061075.03,1999870.5509981168,0.029695415310466978,0.0026981000000887434,0.1,499,,,
3,545,0.5,5000,SUM,Adaptive Sampling,2061075.03,2057810.0,0.0015841393217014656,0.0008201000000553904,0.1,500,1883302.7050659866,2232317.2949340134,0.08480243313717657
3,545,0.5,5000,AVG,Exact Query,412.215006,412.215006,0.0,4.42000000475673e-05,1.0,5000,412.215006,412.215006,0.0
3,545,0.5,5000,AVG,Uniform Sampling,412.215006,411.562,0.001584139321701464,0.0003249000001233071,0.1,500,,,
3,545,0.5,5000,AVG,Stratified Sampling,412.215006,399.9741101996234,0.029695415310466936,0.0026831999998648826,0.1,499,,,
3,545,0.5,5000,AVG,Adaptive Sampling,412.215006,411.562,0.001584139321701464,0.0007402999999612803,0.1,500,376.66054101319736,446.46345898680266,0.08480243313717657
4,546,0.5,5000,COUNT,Exact Query,5000.0,5000.0,0.0,3.199999991920777e-05,1.0,5000,5000.0,5000.0,0.0
4,546,0.5,5000,COUNT,Uniform Sampling,5000.0,5000.0,0.0,0.00030559999959223205,0.1,500,,,
4,546,0.5,5000,COUNT,Stratified Sampling,5000.0,5000.0,0.0,0.002800100000058592,0.1,499,,,
4,546,0.5,5000,COUNT,Adaptive Sampling,5000.0,5000.0,0.0,0.00028940000038346625,0.05,250,5000.0,5000.0,0.0
4,546,0.5,5000,SUM,Exact Query,2087832.32,2087832.32,0.0,3.060000017285347e-05,1.0,5000,2087832.32,2087832.32,0.0
4,546,0.5,5000,SUM,Uniform Sampling,2087832.32,2227533.1999999997,0.06691192518755512,0.0002751000001808279,0.1,500,,,
4,546,0.5,5000,SUM,Stratified Sampling,2087832.32,2161192.609136481,0.03513705982695046,0.0026401999998597603,0.1,499,,,
4,546,0.5,5000,SUM,Adaptive Sampling,2087832.32,2227533.1999999997,0.06691192518755512,0.0007419999997182458,0.1,500,2037536.7881523757,2417529.6118476237,0.08529453650685168
4,546,0.5,5000,AVG,Exact Query,417.566464,417.566464,0.0,3.479999986666371e-05,1.0,5000,417.566464,417.566464,0.0
4,546,0.5,5000,AVG,Uniform Sampling,417.566464,445.50663999999995,0.06691192518755518,0.00027750000026571797,0.1,500,,,
4,546,0.5,5000,AVG,Stratified Sampling,417.566464,432.2385218272961,0.035137059826950326,0.002717900000334339,0.1,499,,,
4,546,0.5,5000,AVG,Adaptive Sampling,417.566464,445.50663999999995,0.06691192518755518,0.0007587999998577288,0.1,500,407.5073576304751,483.5059223695248,0.08529453650685168
5,547,0.5,5000,COUNT,Exact Query,5000.0,5000.0,0.0,4.279999984646565e-05,1.0,5000,5000.0,5000.0,0.0
5,547,0.5,5000,COUNT,Uniform Sampling,5000.0,5000.0,0.0,0.00035109999998894637,0.1,500,,,
5,547,0.5,5000,COUNT,Stratified Sampling,5000.0,5000.0,0.0,0.0027534999999261345,0.1,499,,,
5,547,0.5,5000,COUNT,Adaptive Sampling,5000.0,5000.0,0.0,0.0003106999997726234,0.05,250,5000.0,5000.0,0.0
5,547,0.5,5000,SUM,Exact Query,2114724.0,2114724.0,0.0,3.999999989900971e-05,1.0,5000,2114724.0,2114724.0,0.0
5,547,0.5,5000,SUM,Uniform Sampling,2114724.0,2161139.5,0.021948727115216927,0.00030269999979282147,0.1,500,,,
5,547,0.5,5000,SUM,Stratified Sampling,2114724.0,2187431.967411151,0.03438177625598005,0.0027133000003232155,0.1,499,,,
5,547,0.5,5000,SUM,Adaptive Sampling,2114724.0,2161139.5,0.021948727115216927,0.0007252999998854648,0.1,500,1990157.4665518785,2332121.5334481215,0.07911661114339054
5,547,0.5,5000,AVG,Exact Query,422.9448,422.9448,0.0,3.3599999824218685e-05,1.0,5000,422.9448,422.9448,0.0
5,547,0.5,5000,AVG,Uniform Sampling,422.9448,432.22790000000003,0.02194872711521704,0.0002915000000029977,0.1,500,,,
5,547,0.5,5000,AVG,Stratified Sampling,422.9448,437.48639348223026,0.03438177625598014,0.002658400000200345,0.1,499,,,
5,547,0.5,5000,AVG,Adaptive Sampling,422.9448,432.22790000000003,0.02194872711521704,0.0007131000002118526,0.1,500,398.03149331037577,466.4243066896243,0.07911661114339053
6,548,0.5,5000,COUNT,Exact Query,5000.0,5000.0,0.0,3.569999989849748e-05,1.0,5000,5000.0,5000.0,0.0
6,548,0.5,5000,COUNT,Uniform Sampling,5000.0,5000.0,0.0,0.00029649999987668707,0.1,500,,,
6,548,0.5,5000,COUNT,Stratified Sampling,5000.0,5000.0,0.0,0.00263840000025084,0.1,498,,,
6,548,0.5,5000,COUNT,Adaptive Sampling,5000.0,5000.0,0.0,0.0003197000000909611,0.05,250,5000.0,5000.0,0.0
6,548,0.5,5000,SUM,Exact Query,2127592.98,2127592.98,0.0,3.310000010969816e-05,1.0,5000,2127592.98,2127592.98,0.0
6,548,0.5,5000,SUM,Uniform Sampling,2127592.98,2162970.1999999997,0.0166278138405964,0.0002926000001934881,0.1,500,,,
6,548,0.5,5000,SUM,Stratified Sampling,2127592.98,2268975.0783312577,0.06645166611296946,0.0026441999998496613,0.1,498,,,
6,548,0.5,5000,SUM,Adaptive Sampling,2127592.98,2162970.2,0.01662781384059662,0.0007292999998753658,0.1,500,1974375.6258716627,2351564.774128338,0.08719240520666326
6,548,0.5,5000,AVG,Exact Query,425.518596,425.518596,0.0,2.9599999834317714e-05,1.0,5000,425.518596,425.518596,0.0
6,548,0.5,5000,AVG,Uniform Sampling,425.518596,432.59404,0.01662781384059653,0.0002880000001823646,0.1,500,,,
6,548,0.5,5000,AVG,Stratified Sampling,425.518596,453.79501566625163,0.06645166611296965,0.002684300000055373,0.1,498,,,
6,548,0.5,5000,AVG,Adaptive Sampling,425.518596,432.59404,0.01662781384059653,0.0007107000001269625,0.1,500,394.87512517433254,470.3129548256675,0.08719240520666327
7,549,0.5,5000,COUNT,Exact Query,5000.0,5000.0,0.0,3.329999981360743e-05,1.0,5000,5000.0,5000.0,0.0
7,549,0.5,5000,COUNT,Uniform Sampling,5000.0,5000.0,0.0,0.000299299999824143,0.1,500,,,
7,549,0.5,5000,COUNT,Stratified Sampling,5000.0,5000.0,0.0,0.0025944000003619294,0.1,499,,,
7,549,0.5,5000,COUNT,Adaptive Sampling,5000.0,5000.0,0.0,0.000299400000130845,0.05,250,5000.0,5000.0,0.0
7,549,0.5,5000,SUM,Exact Query,2094647.72,2094647.72,0.0,3.169999990859651e-05,1.0,5000,2094647.72,2094647.72,0.0
7,549,0.5,5000,SUM,Uniform Sampling,2094647.72,2106699.3,0.005753511621514973,0.0002810999999383057,0.1,500,,,
7,549,0.5,5000,SUM,Stratified Sampling,2094647.72,2182330.634505202,0.041860458762584714,0.0026399999997011037,0.1,499,,,
7,549,0.5,5000,SUM,Adaptive Sampling,2094647.72,2106699.3,0.005753511621514973,0.0007313000000976899,0.1,500,1934886.4622536092,2278512.1377463904,0.08155546344292738
7,549,0.5,5000,AVG,Exact Query,418.929544,418.929544,0.0,3.0500000320898835e-05,1.0,5000,418.929544,418.929544,0.0
7,549,0.5,5000,AVG,Uniform Sampling,418.929544,421.33986,0.005753511621514968,0.00027709999994840473,0.1,500,,,
7,549,0.5,5000,AVG,Stratified Sampling,418.929544,436.4661269010404,0.041860458762584644,0.002701800000068033,0.1,499,,,
7,549,0.5,5000,AVG,Adaptive Sampling,418.929544,421.33986,0.005753511621514968,0.0007525000000896398,0.1,500,386.97729245072185,455.7024275492781,0.08155546344292738
8,550,0.5,5000,COUNT,Exact Query,5000.0,5000.0,0.0,3.149999974993989e-05,1.0,5000,5000.0,5000.0,0.0
8,550,0.5,5000,COUNT,Uniform Sampling,5000.0,5000.0,0.0,0.0002948000001197215,0.1,500,,,
8,550,0.5,5000,COUNT,Stratified Sampling,5000.0,5000.0,0.0,0.002606399999876885,0.1,498,,,
8,550,0.5,5000,COUNT,Adaptive Sampling,5000.0,5000.0,0.0,0.00029569999969680794,0.05,250,5000.0,5000.0,0.0
8,550,0.5,5000,SUM,Exact Query,2082167.87,2082167.87,0.0,3.0200000310287578e-05,1.0,5000,2082167.87,2082167.87,0.0
8,550,0.5,5000,SUM,Uniform Sampling,2082167.87,2166342.6999999997,0.04042653390862265,0.0002826999998433166,0.1,500,,,
8,550,0.5,5000,SUM,Stratified Sampling,2082167.87,2158430.161477313,0.03662638953184538,0.002629499999784457,0.1,498,,,
8,550,0.5,5000,SUM,Adaptive Sampling,2082167.87,2166342.6999999997,0.04042653390862265,0.0007228999998005747,0.1,500,1987626.2507114108,2345059.1492885887,0.08249685023915604
8,550,0.5,5000,AVG,Exact Query,416.433574,416.433574,0.0,2.8699999802483944e-05,1.0,5000,416.433574,416.433574,0.0
8,550,0.5,5000,AVG,Uniform Sampling,416.433574,433.26854,0.040426533908622726,0.00028620000011869706,0.1,500,,,
8,550,0.5,5000,AVG,Stratified Sampling,416.433574,431.6860322954626,0.03662638953184545,0.0026274000001649256,0.1,498,,,
8,550,0.5,5000,AVG,Adaptive Sampling,416.433574,433.26854,0.040426533908622726,0.0007057999996504805,0.1,500,397.5252501422822,469.01182985771777,0.08249685023915604
9,551,0.5,5000,COUNT,Exact Query,5000.0,5000.0,0.0,3.349999997226405e-05,1.0,5000,5000.0,5000.0,0.0
9,551,0.5,5000,COUNT,Uniform Sampling,5000.0,5000.0,0.0,0.00030299999980343273,0.1,500,,,
9,551,0.5,5000,COUNT,Stratified Sampling,5000.0,5000.0,0.0,0.0026182999999946333,0.1,499,,,
9,551,0.5,5000,COUNT,Adaptive Sampling,5000.0,5000.0,0.0,0.00028509999992820667,0.05,250,5000.0,5000.0,0.0
9,551,0.5,5000,SUM,Exact Query,2110051.43,2110051.43,0.0,3.100000003541936e-05,1.0,5000,2110051.43,2110051.43,0.0
9,551,0.5,5000,SUM,Uniform Sampling,2110051.43,2129407.0,0.009173032336941583,0.0002743999998529034,0.1,500,,,
9,551,0.5,5000,SUM,Stratified Sampling,2110051.43,2240019.0476829587,0.06159452600781322,0.0027227000000493717,0.1,499,,,
9,551,0.5,5000,SUM,Adaptive Sampling,2110051.43,2129407.0,0.009173032336941583,0.0007066000002851069,0.1,500,1944231.4280582534,2314582.5719417464,0.08696109853200754
9,551,0.5,5000,AVG,Exact Query,422.010286,422.010286,0.0,2.9100000119797187e-05,1.0,5000,422.010286,422.010286,0.0
9,551,0.5,5000,AVG,Uniform Sampling,422.010286,425.88140000000004,0.009173032336941745,0.00028620000011869706,0.1,500,,,
9,551,0.5,5000,AVG,Stratified Sampling,422.010286,448.00380953659175,0.06159452600781332,0.002647600000273087,0.1,499,,,
9,551,0.5,5000,AVG,Adaptive Sampling,422.010286,425.88140000000004,0.009173032336941745,0.0007316000001083012,0.1,500,388.8462856116507,462.91651438834936,0.08696109853200752
10,552,0.5,5000,COUNT,Exact Query,5000.0,5000.0,0.0,3.1800000215298496e-05,1.0,5000,5000.0,5000.0,0.0
10,552,0.5,5000,COUNT,Uniform Sampling,5000.0,5000.0,0.0,0.00029970000014145626,0.1,500,,,
10,552,0.5,5000,COUNT,Stratified Sampling,5000.0,5000.0,0.0,0.0026124999999410647,0.1,499,,,
10,552,0.5,5000,COUNT,Adaptive Sampling,5000.0,5000.0,0.0,0.0002895000002354209,0.05,250,5000.0,5000.0,0.0
10,552,0.5,5000,SUM,Exact Query,2114483.05,2114483.05,0.0,2.9299999823706457e-05,1.0,5000,2114483.05,2114483.05,0.0
10,552,0.5,5000,SUM,Uniform Sampling,2114483.05,2044607.6,0.033046114983045015,0.00028150000025561894,0.1,500,,,
10,552,0.5,5000,SUM,Stratified Sampling,2114483.05,2154934.066463965,0.01913045198634493,0.00269590000016251,0.1,499,,,
10,552,0.5,5000,SUM,Adaptive Sampling,2114483.05,2044607.6000000003,0.033046114983044904,0.0007239999999910651,0.1,500,1866977.9918548723,2222237.2081451286,0.08687711429084391
10,552,0.5,5000,AVG,Exact Query,422.89660999999995,422.89660999999995,0.0,2.949999998236308e-05,1.0,5000,422.89660999999995,422.89660999999995,0.0
10,552,0.5,5000,AVG,Uniform Sampling,422.89660999999995,408.92152000000004,0.03304611498304494,0.00028849999989688513,0.1,500,,,
10,552,0.5,5000,AVG,Stratified Sampling,422.89660999999995,430.986813292793,0.019130451986344926,0.0026465999999345513,0.1,499,,,
10,552,0.5,5000,AVG,Adaptive Sampling,422.89660999999995,408.92152000000004,0.03304611498304494,0.0007565999999314954,0.1,500,373.3955983709744,444.44744162902566,0.08687711429084391
1,793,0.75,7500,COUNT,Exact Query,7500.0,7500.0,0.0,3.889999970851932e-05,1.0,7500,7500.0,7500.0,0.0
1,793,0.75,7500,COUNT,Uniform Sampling,7500.0,7500.0,0.0,0.00035100000013699173,0.1,750,,,
1,793,0.75,7500,COUNT,Stratified Sampling,7500.0,7500.0,0.0,0.003168500000356289,0.1,748,,,
1,793,0.75,7500,COUNT,Adaptive Sampling,7500.0,7500.0,0.0,0.0003271999999014952,0.05,375,7500.0,7500.0,0.0
1,793,0.75,7500,SUM,Exact Query,3183774.37,3183774.37,0.0,3.239999978177366e-05,1.0,7500,3183774.37,3183774.37,0.0
1,793,0.75,7500,SUM,Uniform Sampling,3183774.37,3005204.7,0.0560874136316387,0.0003195999997842591,0.1,750,,,
1,793,0.75,7500,SUM,Stratified Sampling,3183774.37,3074449.80275526,0.03433803861067586,0.002963599999930011,0.1,748,,,
1,793,0.75,7500,SUM,Adaptive Sampling,3183774.37,3082162.1999999997,0.031915631634411454,0.00038779999977123225,0.05,375,2789744.7135847392,3374579.68641526,0.09487413946458123
1,793,0.75,7500,AVG,Exact Query,424.5032493333334,424.5032493333334,0.0,3.370000013092067e-05,1.0,7500,424.5032493333334,424.5032493333334,0.0
1,793,0.75,7500,AVG,Uniform Sampling,424.5032493333334,400.69396000000006,0.05608741363163867,0.00033340000027237693,0.1,750,,,
1,793,0.75,7500,AVG,Stratified Sampling,424.5032493333334,409.926640367368,0.03433803861067586,0.003036000000065542,0.1,748,,,
1,793,0.75,7500,AVG,Adaptive Sampling,424.5032493333334,410.95495999999997,0.03191563163441148,0.00038700000004610047,0.05,375,371.9659618112986,449.94395818870134,0.09487413946458122
2,794,0.75,7500,COUNT,Exact Query,7500.0,7500.0,0.0,3.5200000183976954e-05,1.0,7500,7500.0,7500.0,0.0
2,794,0.75,7500,COUNT,Uniform Sampling,7500.0,7500.0,0.0,0.0003403000000616885,0.1,750,,,
2,794,0.75,7500,COUNT,Stratified Sampling,7500.0,7500.0,0.0,0.0030633000001216715,0.1,749,,,
2,794,0.75,7500,COUNT,Adaptive Sampling,7500.0,7500.0,0.0,0.000318899999911082,0.05,375,7500.0,7500.0,0.0
2,794,0.75,7500,SUM,Exact Query,3169713.5199999996,3169713.5199999996,0.0,3.0199999855540227e-05,1.0,7500,3169713.5199999996,3169713.5199999996,0.0
2,794,0.75,7500,SUM,Uniform Sampling,3169713.5199999996,3146990.5000000005,0.00716879297028682,0.0003271999999014952,0.1,750,,,
2,794,0.75,7500,SUM,Stratified Sampling,3169713.5199999996,3294489.665760887,0.03936511769078971,0.0030249000001276727,0.1,749,,,
2,794,0.75,7500,SUM,Adaptive Sampling,3169713.5199999996,3093069.8000000007,0.02418001485509606,0.00039080000033209217,0.05,375,2803606.317233943,3382533.2827660586,0.09358452976588423
2,794,0.75,7500,AVG,Exact Query,422.62846933333327,422.62846933333327,0.0,3.879999985656468e-05,1.0,7500,422.62846933333327,422.62846933333327,0.0
2,794,0.75,7500,AVG,Uniform Sampling,422.62846933333327,419.59873333333337,0.007168792970286872,0.00033899999971254147,0.1,750,,,
2,794,0.75,7500,AVG,Stratified Sampling,422.62846933333327,439.26528876811824,0.039365117690789694,0.0030277999999270833,0.1,749,,,
2,794,0.75,7500,AVG,Adaptive Sampling,422.62846933333327,412.40930666666674,0.024180014855096122,0.00040880000005927286,0.05,375,373.81417563119237,451.0044377021411,0.09358452976588423
3,795,0.75,7500,COUNT,Exact Query,7500.0,7500.0,0.0,3.510000033202232e-05,1.0,7500,7500.0,7500.0,0.0
3,795,0.75,7500,COUNT,Uniform Sampling,7500.0,7500.0,0.0,0.00033069999972212827,0.1,750,,,
3,795,0.75,7500,COUNT,Stratified Sampling,7500.0,7500.0,0.0,0.0029521999999815307,0.1,748,,,
3,795,0.75,7500,COUNT,Adaptive Sampling,7500.0,7500.0,0.0,0.00033730000041032326,0.05,375,7500.0,7500.0,0.0
3,795,0.75,7500,SUM,Exact Query,3142684.55,3142684.55,0.0,3.1400000352732604e-05,1.0,7500,3142684.55,3142684.55,0.0
3,795,0.75,7500,SUM,Uniform Sampling,3142684.55,3166005.4000000004,0.007420677967822306,0.0003219999998691492,0.1,750,,,
3,795,0.75,7500,SUM,Stratified Sampling,3142684.55,3052850.021541673,0.028585283387200473,0.0030374000002666435,0.1,748,,,
3,795,0.75,7500,SUM,Adaptive Sampling,3142684.55,3155493.0000000005,0.004075639726551827,0.00038440000025730114,0.05,375,2893727.1998113636,3417258.8001886373,0.08295559527105166
3,795,0.75,7500,AVG,Exact Query,419.0246066666666,419.0246066666666,0.0,3.680000008898787e-05,1.0,7500,419.0246066666666,419.0246066666666,0.0
3,795,0.75,7500,AVG,Uniform Sampling,419.0246066666666,422.1340533333334,0.007420677967822376,0.00035630000002129236,0.1,750,,,
3,795,0.75,7500,AVG,Stratified Sampling,419.0246066666666,407.0466695388898,0.028585283387200386,0.0030268999998952495,0.1,748,,,
3,795,0.75,7500,AVG,Adaptive Sampling,419.0246066666666,420.73240000000004,0.0040756397265518446,0.0003868999997393985,0.05,375,385.8302933081818,455.6345066918183,0.08295559527105166
4,796,0.75,7500,COUNT,Exact Query,7500.0,7500.0,0.0,3.079999987676274e-05,1.0,7500,7500.0,7500.0,0.0
4,796,0.75,7500,COUNT,Uniform Sampling,7500.0,7500.0,0.0,0.00034580000010464573,0.1,750,,,
4,796,0.75,7500,COUNT,Stratified Sampling,7500.0,7500.0,0.0,0.0030133000000205357,0.1,747,,,
4,796,0.75,7500,COUNT,Adaptive Sampling,7500.0,7500.0,0.0,0.0003333999998176296,0.05,375,7500.0,7500.0,0.0
4,796,0.75,7500,SUM,Exact Query,3154642.49,3154642.49,0.0,3.0200000310287578e-05,1.0,7500,3154642.49,3154642.49,0.0
4,796,0.75,7500,SUM,Uniform Sampling,3154642.49,3210243.4999999995,0.017625138245062854,0.00031499999977313564,0.1,750,,,
4,796,0.75,7500,SUM,Stratified Sampling,3154642.49,3061658.1547798323,0.029475395552720104,0.002991999999721884,0.1,747,,,
4,796,0.75,7500,SUM,Adaptive Sampling,3154642.49,3192675.8000000003,0.012056298018099685,0.0003959000000577362,0.05,375,2893547.5463447096,3491804.053655291,0.09369202274007615
4,796,0.75,7500,AVG,Exact Query,420.6189986666667,420.6189986666667,0.0,3.500000002532033e-05,1.0,7500,420.6189986666667,420.6189986666667,0.0
4,796,0.75,7500,AVG,Uniform Sampling,420.6189986666667,428.0324666666666,0.017625138245062854,0.0003322000002299319,0.1,750,,,
4,796,0.75,7500,AVG,Stratified Sampling,420.6189986666667,408.22108730397764,0.02947539555272012,0.00301530000024286,0.1,747,,,
4,796,0.75,7500,AVG,Adaptive Sampling,420.6189986666667,425.6901066666667,0.01205629801809962,0.00037920000022495515,0.05,375,385.8063395126279,465.57387382070544,0.09369202274007617
5,797,0.75,7500,COUNT,Exact Query,7500.0,7500.0,0.0,3.4700000014709076e-05,1.0,7500,7500.0,7500.0,0.0
5,797,0.75,7500,COUNT,Uniform Sampling,7500.0,7500.0,0.0,0.000330399999711517,0.1,750,,,
5,797,0.75,7500,COUNT,Stratified Sampling,7500.0,7500.0,0.0,0.0029825999999957276,0.1,749,,,
5,797,0.75,7500,COUNT,Adaptive Sampling,7500.0,7500.0,0.0,0.0003318999997645733,0.05,375,7500.0,7500.0,0.0
5,797,0.75,7500,SUM,Exact Query,3147883.01,3147883.01,0.0,3.2500000088475645e-05,1.0,7500,3147883.01,3147883.01,0.0
5,797,0.75,7500,SUM,Uniform Sampling,3147883.01,3160117.4,0.0038865453262191376,0.0003166000001328939,0.1,750,,,
5,797,0.75,7500,SUM,Stratified Sampling,3147883.01,3102937.314658683,0.014278070436079194,0.0032317000000148255,0.1,749,,,
5,797,0.75,7500,SUM,Adaptive Sampling,3147883.01,3184789.8,0.01172432072054674,0.00040840000019670697,0.05,375,2896377.577028532,3473202.0229714676,0.09055926484425059
5,797,0.75,7500,AVG,Exact Query,419.7177346666666,419.7177346666666,0.0,3.999999989900971e-05,1.0,7500,419.7177346666666,419.7177346666666,0.0
5,797,0.75,7500,AVG,Uniform Sampling,419.7177346666666,421.34898666666663,0.003886545326219139,0.00033689999963826267,0.1,750,,,
5,797,0.75,7500,AVG,Stratified Sampling,419.7177346666666,413.72497528782435,0.014278070436079197,0.003025399999842193,0.1,749,,,
5,797,0.75,7500,AVG,Adaptive Sampling,419.7177346666666,424.63863999999995,0.011724320720546738,0.000404400000206806,0.05,375,386.1836769371376,463.0936030628623,0.09055926484425059
6,798,0.75,7500,COUNT,Exact Query,7500.0,7500.0,0.0,3.2700000247132266e-05,1.0,7500,7500.0,7500.0,0.0
6,798,0.75,7500,COUNT,Uniform Sampling,7500.0,7500.0,0.0,0.00034589999995660037,0.1,750,,,
6,798,0.75,7500,COUNT,Stratified Sampling,7500.0,7500.0,0.0,0.0029770999999527703,0.1,749,,,
6,798,0.75,7500,COUNT,Adaptive Sampling,7500.0,7500.0,0.0,0.0003197000000909611,0.05,375,7500.0,7500.0,0.0
6,798,0.75,7500,SUM,Exact Query,3156512.77,3156512.77,0.0,3.0500000320898835e-05,1.0,7500,3156512.77,3156512.77,0.0
6,798,0.75,7500,SUM,Uniform Sampling,3156512.77,3202211.9,0.01447772695055496,0.0003133999998681247,0.1,750,,,
6,798,0.75,7500,SUM,Stratified Sampling,3156512.77,3072039.202671167,0.02676167450728642,0.0030913000000509783,0.1,749,,,
6,798,0.75,7500,SUM,Adaptive Sampling,3156512.77,3157908.8,0.00044226971399193645,0.0003897000001416018,0.05,375,2850541.175714963,3465276.4242850365,0.0973326475688712
6,798,0.75,7500,AVG,Exact Query,420.86836933333336,420.86836933333336,0.0,3.2899999951041536e-05,1.0,7500,420.86836933333336,420.86836933333336,0.0
6,798,0.75,7500,AVG,Uniform Sampling,420.86836933333336,426.9615866666667,0.014477726950554947,0.0003434000000197557,0.1,750,,,
6,798,0.75,7500,AVG,Stratified Sampling,420.86836933333336,409.60522702282225,0.026761674507286518,0.003775799999857554,0.1,749,,,
6,798,0.75,7500,AVG,Adaptive Sampling,420.86836933333336,421.05450666666667,0.0004422697139919371,0.00041650000002846355,0.05,375,380.0721567619951,462.03685657133826,0.0973326475688712
7,799,0.75,7500,COUNT,Exact Query,7500.0,7500.0,0.0,3.510000033202232e-05,1.0,7500,7500.0,7500.0,0.0
7,799,0.75,7500,COUNT,Uniform Sampling,7500.0,7500.0,0.0,0.00034259999983987655,0.1,750,,,
7,799,0.75,7500,COUNT,Stratified Sampling,7500.0,7500.0,0.0,0.0029912999998487066,0.1,749,,,
7,799,0.75,7500,COUNT,Adaptive Sampling,7500.0,7500.0,0.0,0.00032969999983833986,0.05,375,7500.0,7500.0,0.0
7,799,0.75,7500,SUM,Exact Query,3168107.1900000004,3168107.1900000004,0.0,3.1099999887374e-05,1.0,7500,3168107.1900000004,3168107.1900000004,0.0
7,799,0.75,7500,SUM,Uniform Sampling,3168107.1900000004,3022940.5000000005,0.04582126844009969,0.0003280000000813743,0.1,750,,,
7,799,0.75,7500,SUM,Stratified Sampling,3168107.1900000004,3368595.3031188576,0.06328324803898353,0.0029746000000159256,0.1,749,,,
7,799,0.75,7500,SUM,Adaptive Sampling,3168107.1900000004,2883000.2,0.08999284837960303,0.0003996000000370259,0.05,375,2632654.99310206,3133345.40689794,0.08683495994829968
7,799,0.75,7500,AVG,Exact Query,422.41429200000005,422.41429200000005,0.0,3.4499999856052455e-05,1.0,7500,422.41429200000005,422.41429200000005,0.0
7,799,0.75,7500,AVG,Uniform Sampling,422.41429200000005,403.0587333333334,0.04582126844009965,0.00033290000010310905,0.1,750,,,
7,799,0.75,7500,AVG,Stratified Sampling,422.41429200000005,449.14604041584766,0.06328324803898353,0.0029667000003428257,0.1,749,,,
7,799,0.75,7500,AVG,Adaptive Sampling,422.41429200000005,384.4000266666667,0.089992848379603,0.00038540000014108955,0.05,375,351.02066574694135,417.77938758639203,0.08683495994829968
8,800,0.75,7500,COUNT,Exact Query,7500.0,7500.0,0.0,3.3400000120309414e-05,1.0,7500,7500.0,7500.0,0.0
8,800,0.75,7500,COUNT,Uniform Sampling,7500.0,7500.0,0.0,0.00033759999996618717,0.1,750,,,
8,800,0.75,7500,COUNT,Stratified Sampling,7500.0,7500.0,0.0,0.0033754000000953965,0.1,748,,,
8,800,0.75,7500,COUNT,Adaptive Sampling,7500.0,7500.0,0.0,0.00032079999982670415,0.05,375,7500.0,7500.0,0.0
8,800,0.75,7500,SUM,Exact Query,3142286.62,3142286.62,0.0,3.1399999897985253e-05,1.0,7500,3142286.62,3142286.62,0.0
8,800,0.75,7500,SUM,Uniform Sampling,3142286.62,3192969.5999999996,0.01612933068467176,0.0003276000002188084,0.1,750,,,
8,800,0.75,7500,SUM,Stratified Sampling,3142286.62,3002135.662538428,0.044601582990405966,0.0030357000000549306,0.1,748,,,
8,800,0.75,7500,SUM,Adaptive Sampling,3142286.62,3155969.3999999994,0.004354402272826191,0.000388699999803066,0.05,375,2852598.22419735,3459340.575802649,0.09612614615422108
8,800,0.75,7500,AVG,Exact Query,418.97154933333337,418.97154933333337,0.0,3.409999999348656e-05,1.0,7500,418.97154933333337,418.97154933333337,0.0
8,800,0.75,7500,AVG,Uniform Sampling,418.97154933333337,425.72927999999996,0.01612933068467173,0.0003287999998065061,0.1,750,,,
8,800,0.75,7500,AVG,Stratified Sampling,418.97154933333337,400.2847550051237,0.044601582990406015,0.0030312999997477164,0.1,748,,,
8,800,0.75,7500,AVG,Adaptive Sampling,418.97154933333337,420.7959199999999,0.004354402272826099,0.0003965000000789587,0.05,375,380.34642989298,461.24541010701984,0.09612614615422108
9,801,0.75,7500,COUNT,Exact Query,7500.0,7500.0,0.0,3.260000039517763e-05,1.0,7500,7500.0,7500.0,0.0
9,801,0.75,7500,COUNT,Uniform Sampling,7500.0,7500.0,0.0,0.0003519000001688255,0.1,750,,,
9,801,0.75,7500,COUNT,Stratified Sampling,7500.0,7500.0,0.0,0.002955599999950209,0.1,748,,,
9,801,0.75,7500,COUNT,Adaptive Sampling,7500.0,7500.0,0.0,0.00032079999982670415,0.05,375,7500.0,7500.0,0.0
9,801,0.75,7500,SUM,Exact Query,3171230.73,3171230.73,0.0,3.110000034212135e-05,1.0,7500,3171230.73,3171230.73,0.0
9,801,0.75,7500,SUM,Uniform Sampling,3171230.73,3184366.5999999996,0.004142199391464539,0.0003131000003122608,0.1,750,,,
9,801,0.75,7500,SUM,Stratified Sampling,3171230.73,3179861.9699696656,0.0027217319408561766,0.003589099999771861,0.1,748,,,
9,801,0.75,7500,SUM,Adaptive Sampling,3171230.73,3184366.5999999996,0.004142199391464539,0.0017760000000635046,0.1,750,2964347.7290274883,3404385.470972511,0.06909344890519561
9,801,0.75,7500,AVG,Exact Query,422.830764,422.830764,0.0,3.509999987727497e-05,1.0,7500,422.830764,422.830764,0.0
9,801,0.75,7500,AVG,Uniform Sampling,422.830764,424.5822133333333,0.0041421993914646,0.0004226000000926433,0.1,750,,,
9,801,0.75,7500,AVG,Stratified Sampling,422.830764,423.98159599595544,0.0027217319408562642,0.0038359000000127708,0.1,748,,,
9,801,0.75,7500,AVG,Adaptive Sampling,422.830764,424.5822133333333,0.0041421993914646,0.0008250999999290798,0.1,750,395.2463638703318,453.9180627963348,0.06909344890519561
10,802,0.75,7500,COUNT,Exact Query,7500.0,7500.0,0.0,3.7600000268867007e-05,1.0,7500,7500.0,7500.0,0.0
10,802,0.75,7500,COUNT,Uniform Sampling,7500.0,7500.0,0.0,0.0003448999996180646,0.1,750,,,
10,802,0.75,7500,COUNT,Stratified Sampling,7500.0,7500.0,0.0,0.0032224999999925785,0.1,749,,,
10,802,0.75,7500,COUNT,Adaptive Sampling,7500.0,7500.0,0.0,0.0003606999998737592,0.05,375,7500.0,7500.0,0.0
10,802,0.75,7500,SUM,Exact Query,3125914.24,3125914.24,0.0,4.5399999635264976e-05,1.0,7500,3125914.24,3125914.24,0.0
10,802,0.75,7500,SUM,Uniform Sampling,3125914.24,3071673.4999999995,0.017351960366001815,0.00033250000024054316,0.1,750,,,
10,802,0.75,7500,SUM,Stratified Sampling,3125914.24,3204220.1537696207,0.025050563693526175,0.004177899999831425,0.1,749,,,
10,802,0.75,7500,SUM,Adaptive Sampling,3125914.24,2906546.5999999996,0.07017711400809275,0.00044680000019070576,0.05,375,2648964.4930215813,3164128.706978418,0.08862135806748055
10,802,0.75,7500,AVG,Exact Query,416.78856533333334,416.78856533333334,0.0,3.930000002583256e-05,1.0,7500,416.78856533333334,416.78856533333334,0.0
10,802,0.75,7500,AVG,Uniform Sampling,416.78856533333334,409.5564666666666,0.017351960366001746,0.00035470000011628144,0.1,750,,,
10,802,0.75,7500,AVG,Stratified Sampling,416.78856533333334,427.2293538359495,0.025050563693526404,0.0031183999999484513,0.1,749,,,
10,802,0.75,7500,AVG,Adaptive Sampling,416.78856533333334,387.53954666666664,0.07017711400809264,0.0004507000003286521,0.05,375,353.1952657362109,421.8838275971224,0.08862135806748053
1,1043,1.0,10000,COUNT,Exact Query,10000.0,10000.0,0.0,4.840000019612489e-05,1.0,10000,10000.0,10000.0,0.0
1,1043,1.0,10000,COUNT,Uniform Sampling,10000.0,10000.0,0.0,0.00043139999979757704,0.1,1000,,,
1,1043,1.0,10000,COUNT,Stratified Sampling,10000.0,10000.0,0.0,0.003933799999686016,0.1,998,,,
1,1043,1.0,10000,COUNT,Adaptive Sampling,10000.0,10000.0,0.0,0.00038340000037351274,0.05,500,10000.0,10000.0,0.0
1,1043,1.0,10000,SUM,Exact Query,4208443.8,4208443.8,0.0,3.8499999845953425e-05,1.0,10000,4208443.8,4208443.8,0.0
1,1043,1.0,10000,SUM,Uniform Sampling,4208443.8,4473439.8,0.06296769366386691,0.0003893000002790359,0.1,1000,,,
1,1043,1.0,10000,SUM,Stratified Sampling,4208443.8,3934930.6635742243,0.06499151454173524,0.0038321000001815264,0.1,998,,,
1,1043,1.0,10000,SUM,Adaptive Sampling,4208443.8,4516655.4,0.07323647757871937,0.0008804999997664709,0.05,500,4160344.5055508045,4872966.294449196,0.07888821769515468
1,1043,1.0,10000,AVG,Exact Query,420.84438,420.84438,0.0,4.2300000131945126e-05,1.0,10000,420.84438,420.84438,0.0
1,1043,1.0,10000,AVG,Uniform Sampling,420.84438,447.34398,0.06296769366386688,0.0004447999999683816,0.1,1000,,,
1,1043,1.0,10000,AVG,Stratified Sampling,420.84438,393.49306635742244,0.06499151454173527,0.003748500000256172,0.1,998,,,
1,1043,1.0,10000,AVG,Adaptive Sampling,420.84438,451.66554,0.07323647757871929,0.00048409999999421416,0.05,500,416.0344505550804,487.29662944491963,0.07888821769515468
2,1044,1.0,10000,COUNT,Exact Query,10000.0,10000.0,0.0,8.04999999672873e-05,1.0,10000,10000.0,10000.0,0.0
2,1044,1.0,10000,COUNT,Uniform Sampling,10000.0,10000.0,0.0,0.0004185000002507877,0.1,1000,,,
2,1044,1.0,10000,COUNT,Stratified Sampling,10000.0,10000.0,0.0,0.003863299999920855,0.1,998,,,
2,1044,1.0,10000,COUNT,Adaptive Sampling,10000.0,10000.0,0.0,0.00044509999997899286,0.05,500,10000.0,10000.0,0.0
2,1044,1.0,10000,SUM,Exact Query,4208443.8,4208443.8,0.0,4.109999963475275e-05,1.0,10000,4208443.8,4208443.8,0.0
2,1044,1.0,10000,SUM,Uniform Sampling,4208443.8,4243048.0,0.00822256435977598,0.0004067999998369487,0.1,1000,,,
2,1044,1.0,10000,SUM,Stratified Sampling,4208443.8,4106723.8888625707,0.024170433531137823,0.0036885999998048646,0.1,998,,,
2,1044,1.0,10000,SUM,Adaptive Sampling,4208443.8,4376089.399999999,0.039835532554812696,0.0004555999998956395,0.05,500,4038158.376562191,4714020.423437808,0.07722214802965591
2,1044,1.0,10000,AVG,Exact Query,420.84438,420.84438,0.0,6.69999999445281e-05,1.0,10000,420.84438,420.84438,0.0
2,1044,1.0,10000,AVG,Uniform Sampling,420.84438,424.3048,0.008222564359775933,0.0004173000002083427,0.1,1000,,,
2,1044,1.0,10000,AVG,Stratified Sampling,420.84438,410.67238888625707,0.024170433531137885,0.0035733999998228683,0.1,998,,,
2,1044,1.0,10000,AVG,Adaptive Sampling,420.84438,437.60893999999996,0.03983553255481268,0.00044930000012755045,0.05,500,403.8158376562192,471.40204234378075,0.0772221480296559
3,1045,1.0,10000,COUNT,Exact Query,10000.0,10000.0,0.0,6.959999973332742e-05,1.0,10000,10000.0,10000.0,0.0
3,1045,1.0,10000,COUNT,Uniform Sampling,10000.0,10000.0,0.0,0.0004092000003765861,0.1,1000,,,
3,1045,1.0,10000,COUNT,Stratified Sampling,10000.0,10000.0,0.0,0.0036887000001115666,0.1,998,,,
3,1045,1.0,10000,COUNT,Adaptive Sampling,10000.0,10000.0,0.0,0.0003758000002562767,0.05,500,10000.0,10000.0,0.0
3,1045,1.0,10000,SUM,Exact Query,4208443.8,4208443.8,0.0,3.580000020519947e-05,1.0,10000,4208443.8,4208443.8,0.0
3,1045,1.0,10000,SUM,Uniform Sampling,4208443.8,4456829.3,0.05902074776429235,0.00037389999988590716,0.1,1000,,,
3,1045,1.0,10000,SUM,Stratified Sampling,4208443.8,4349849.845938557,0.033600554660741105,0.003566699999737466,0.1,998,,,
3,1045,1.0,10000,SUM,Adaptive Sampling,4208443.8,4361611.0,0.036395210980362906,0.00045459999955710373,0.05,500,4076388.1085129804,4646833.891487019,0.06539393161999534
3,1045,1.0,10000,AVG,Exact Query,420.84438,420.84438,0.0,3.870000000461005e-05,1.0,10000,420.84438,420.84438,0.0
3,1045,1.0,10000,AVG,Uniform Sampling,420.84438,445.68293,0.05902074776429234,0.00038400000039473525,0.1,1000,,,
3,1045,1.0,10000,AVG,Stratified Sampling,420.84438,434.9849845938557,0.0336005546607411,0.003454499999861582,0.1,998,,,
3,1045,1.0,10000,AVG,Adaptive Sampling,420.84438,436.1611,0.0363952109803628,0.00045939999972688383,0.05,500,407.63881085129805,464.6833891487019,0.06539393161999535
4,1046,1.0,10000,COUNT,Exact Query,10000.0,10000.0,0.0,7.129999994504033e-05,1.0,10000,10000.0,10000.0,0.0
4,1046,1.0,10000,COUNT,Uniform Sampling,10000.0,10000.0,0.0,0.00040570000010120566,0.1,1000,,,
4,1046,1.0,10000,COUNT,Stratified Sampling,10000.0,10000.0,0.0,0.003616000000420172,0.1,998,,,
4,1046,1.0,10000,COUNT,Adaptive Sampling,10000.0,10000.0,0.0,0.00039239999978235574,0.05,500,10000.0,10000.0,0.0
4,1046,1.0,10000,SUM,Exact Query,4208443.8,4208443.8,0.0,3.5399999887886224e-05,1.0,10000,4208443.8,4208443.8,0.0
4,1046,1.0,10000,SUM,Uniform Sampling,4208443.8,4346500.999999999,0.03280481017710139,0.00036720000025525223,0.1,1000,,,
4,1046,1.0,10000,SUM,Stratified Sampling,4208443.8,4216696.56085572,0.0019610006092324146,0.003528900000219437,0.1,998,,,
4,1046,1.0,10000,SUM,Adaptive Sampling,4208443.8,3995565.6,0.05058359101765829,0.0004606000002240762,0.05,500,3699435.387545155,4291695.812454846,0.07411471668863236
4,1046,1.0,10000,AVG,Exact Query,420.84438,420.84438,0.0,4.020000005766633e-05,1.0,10000,420.84438,420.84438,0.0
4,1046,1.0,10000,AVG,Uniform Sampling,420.84438,434.65009999999995,0.032804810177101455,0.00039060000017343555,0.1,1000,,,
4,1046,1.0,10000,AVG,Stratified Sampling,420.84438,421.669656085572,0.0019610006092323244,0.003380699999979697,0.1,998,,,
4,1046,1.0,10000,AVG,Adaptive Sampling,420.84438,399.55656,0.05058359101765838,0.0004266999999344989,0.05,500,369.94353875451543,429.16958124548455,0.07411471668863236
5,1047,1.0,10000,COUNT,Exact Query,10000.0,10000.0,0.0,8.089999982985319e-05,1.0,10000,10000.0,10000.0,0.0
5,1047,1.0,10000,COUNT,Uniform Sampling,10000.0,10000.0,0.0,0.00040549999994254904,0.1,1000,,,
5,1047,1.0,10000,COUNT,Stratified Sampling,10000.0,10000.0,0.0,0.003650999999990745,0.1,998,,,
5,1047,1.0,10000,COUNT,Adaptive Sampling,10000.0,10000.0,0.0,0.00037699999984397436,0.05,500,10000.0,10000.0,0.0
5,1047,1.0,10000,SUM,Exact Query,4208443.8,4208443.8,0.0,3.319999996165279e-05,1.0,10000,4208443.8,4208443.8,0.0
5,1047,1.0,10000,SUM,Uniform Sampling,4208443.8,4181951.5,0.0062950347584539,0.00035809999963021255,0.1,1000,,,
5,1047,1.0,10000,SUM,Stratified Sampling,4208443.8,4217337.813214023,0.0021133734075343604,0.00338309999960984,0.1,998,,,
5,1047,1.0,10000,SUM,Adaptive Sampling,4208443.8,4307469.2,0.023530170463485902,0.0004409999996823899,0.05,500,3958069.8507872964,4656868.5492127035,0.08111476437549538
5,1047,1.0,10000,AVG,Exact Query,420.84438,420.84438,0.0,4.530000023805769e-05,1.0,10000,420.84438,420.84438,0.0
5,1047,1.0,10000,AVG,Uniform Sampling,420.84438,418.19515,0.006295034758453917,0.00047280000035243575,0.1,1000,,,
5,1047,1.0,10000,AVG,Stratified Sampling,420.84438,421.73378132140226,0.0021133734075343023,0.003374800000074174,0.1,998,,,
5,1047,1.0,10000,AVG,Adaptive Sampling,420.84438,430.74692,0.023530170463485784,0.0004421999997248349,0.05,500,395.8069850787296,465.68685492127037,0.08111476437549538
6,1048,1.0,10000,COUNT,Exact Query,10000.0,10000.0,0.0,7.239999968078337e-05,1.0,10000,10000.0,10000.0,0.0
6,1048,1.0,10000,COUNT,Uniform Sampling,10000.0,10000.0,0.0,0.0004025999996883911,0.1,1000,,,
6,1048,1.0,10000,COUNT,Stratified Sampling,10000.0,10000.0,0.0,0.003622199999881559,0.1,998,,,
6,1048,1.0,10000,COUNT,Adaptive Sampling,10000.0,10000.0,0.0,0.0003685000001496519,0.05,500,10000.0,10000.0,0.0
6,1048,1.0,10000,SUM,Exact Query,4208443.8,4208443.8,0.0,3.329999981360743e-05,1.0,10000,4208443.8,4208443.8,0.0
6,1048,1.0,10000,SUM,Uniform Sampling,4208443.8,4184234.6,0.005752530187049123,0.00035399999978835694,0.1,1000,,,
6,1048,1.0,10000,SUM,Stratified Sampling,4208443.8,4083651.0751647074,0.029652938417590948,0.003391600000213657,0.1,998,,,
6,1048,1.0,10000,SUM,Adaptive Sampling,4208443.8,4139252.6000000006,0.01644104169812111,0.0004361000001154025,0.05,500,3813204.9356976035,4465300.264302398,0.07876969487254705
6,1048,1.0,10000,AVG,Exact Query,420.84438,420.84438,0.0,3.609999976106337e-05,1.0,10000,420.84438,420.84438,0.0
6,1048,1.0,10000,AVG,Uniform Sampling,420.84438,418.42346000000003,0.00575253018704911,0.00038790000007793424,0.1,1000,,,
6,1048,1.0,10000,AVG,Stratified Sampling,420.84438,408.3651075164707,0.029652938417591115,0.0033183000000462926,0.1,998,,,
6,1048,1.0,10000,AVG,Adaptive Sampling,420.84438,413.92526000000004,0.0164410416981212,0.00044870000010632793,0.05,500,381.32049356976034,446.53002643023973,0.07876969487254706
7,1049,1.0,10000,COUNT,Exact Query,10000.0,10000.0,0.0,6.91000000188069e-05,1.0,10000,10000.0,10000.0,0.0
7,1049,1.0,10000,COUNT,Uniform Sampling,10000.0,10000.0,0.0,0.00039449999985663453,0.1,1000,,,
7,1049,1.0,10000,COUNT,Stratified Sampling,10000.0,10000.0,0.0,0.003571600000213948,0.1,998,,,
7,1049,1.0,10000,COUNT,Adaptive Sampling,10000.0,10000.0,0.0,0.00038390000008803327,0.05,500,10000.0,10000.0,0.0
7,1049,1.0,10000,SUM,Exact Query,4208443.8,4208443.8,0.0,3.299999980299617e-05,1.0,10000,4208443.8,4208443.8,0.0
7,1049,1.0,10000,SUM,Uniform Sampling,4208443.8,4301877.6,0.022201508310506563,0.00036240000008547213,0.1,1000,,,
7,1049,1.0,10000,SUM,Stratified Sampling,4208443.8,4147347.98794996,0.014517435649263008,0.003359099999670434,0.1,998,,,
7,1049,1.0,10000,SUM,Adaptive Sampling,4208443.8,4300497.800000001,0.02187364364946514,0.0004436000003806839,0.05,500,3980041.779685655,4620953.820314346,0.07451602935696083
7,1049,1.0,10000,AVG,Exact Query,420.84438,420.84438,0.0,3.8300000142044155e-05,1.0,10000,420.84438,420.84438,0.0
7,1049,1.0,10000,AVG,Uniform Sampling,420.84438,430.18776,0.022201508310506664,0.0003778000000238535,0.1,1000,,,
7,1049,1.0,10000,AVG,Stratified Sampling,420.84438,414.734798794996,0.014517435649263083,0.0034101999999620602,0.1,998,,,
7,1049,1.0,10000,AVG,Adaptive Sampling,420.84438,430.04978000000006,0.021873643649465046,0.0007347000000663684,0.05,500,398.0041779685655,462.0953820314346,0.07451602935696085
8,1050,1.0,10000,COUNT,Exact Query,10000.0,10000.0,0.0,7.129999994504033e-05,1.0,10000,10000.0,10000.0,0.0
8,1050,1.0,10000,COUNT,Uniform Sampling,10000.0,10000.0,0.0,0.00040499999977328116,0.1,1000,,,
8,1050,1.0,10000,COUNT,Stratified Sampling,10000.0,10000.0,0.0,0.004876599999988684,0.1,998,,,
8,1050,1.0,10000,COUNT,Adaptive Sampling,10000.0,10000.0,0.0,0.0004343999999036896,0.05,500,10000.0,10000.0,0.0
8,1050,1.0,10000,SUM,Exact Query,4208443.8,4208443.8,0.0,3.530000003593159e-05,1.0,10000,4208443.8,4208443.8,0.0
8,1050,1.0,10000,SUM,Uniform Sampling,4208443.8,4029104.3,0.04261420813080598,0.00035780000007434865,0.1,1000,,,
8,1050,1.0,10000,SUM,Stratified Sampling,4208443.8,4245898.819678446,0.008899969076086145,0.0034259999997630075,0.1,998,,,
8,1050,1.0,10000,SUM,Adaptive Sampling,4208443.8,4055504.1999999997,0.03634112923166518,0.0004498999996940256,0.05,500,3717003.045998783,4394005.354001217,0.08346709491786909
8,1050,1.0,10000,AVG,Exact Query,420.84438,420.84438,0.0,4.0299999909620965e-05,1.0,10000,420.84438,420.84438,0.0
8,1050,1.0,10000,AVG,Uniform Sampling,420.84438,402.91043,0.04261420813080593,0.0003845000001092558,0.1,1000,,,
8,1050,1.0,10000,AVG,Stratified Sampling,420.84438,424.58988196784475,0.008899969076086381,0.0033109999999396678,0.1,998,,,
8,1050,1.0,10000,AVG,Adaptive Sampling,420.84438,405.55042,0.03634112923166522,0.0006423999998332874,0.05,500,371.7003045998783,439.40053540012167,0.08346709491786909
9,1051,1.0,10000,COUNT,Exact Query,10000.0,10000.0,0.0,7.210000012491946e-05,1.0,10000,10000.0,10000.0,0.0
9,1051,1.0,10000,COUNT,Uniform Sampling,10000.0,10000.0,0.0,0.0005975999997644976,0.1,1000,,,
9,1051,1.0,10000,COUNT,Stratified Sampling,10000.0,10000.0,0.0,0.003660300000319694,0.1,998,,,
9,1051,1.0,10000,COUNT,Adaptive Sampling,10000.0,10000.0,0.0,0.0003807999996752187,0.05,500,10000.0,10000.0,0.0
9,1051,1.0,10000,SUM,Exact Query,4208443.8,4208443.8,0.0,3.370000013092067e-05,1.0,10000,4208443.8,4208443.8,0.0
9,1051,1.0,10000,SUM,Uniform Sampling,4208443.8,4317070.5,0.025811607606593248,0.0003569999998944695,0.1,1000,,,
9,1051,1.0,10000,SUM,Stratified Sampling,4208443.8,4100483.816372204,0.02565318411233048,0.003308500000002823,0.1,998,,,
9,1051,1.0,10000,SUM,Adaptive Sampling,4208443.8,4147559.8,0.014467105394160188,0.00044299999990471406,0.05,500,3807554.5478720334,4487565.052127966,0.08197717899762803
9,1051,1.0,10000,AVG,Exact Query,420.84438,420.84438,0.0,6.209999992279336e-05,1.0,10000,420.84438,420.84438,0.0
9,1051,1.0,10000,AVG,Uniform Sampling,420.84438,431.70705,0.025811607606593154,0.00040060000037556165,0.1,1000,,,
9,1051,1.0,10000,AVG,Stratified Sampling,420.84438,410.0483816372204,0.025653184112330512,0.003374800000074174,0.1,998,,,
9,1051,1.0,10000,AVG,Adaptive Sampling,420.84438,414.75597999999997,0.014467105394160273,0.0004512000000431726,0.05,500,380.75545478720335,448.7565052127966,0.08197717899762803
10,1052,1.0,10000,COUNT,Exact Query,10000.0,10000.0,0.0,6.919999987076153e-05,1.0,10000,10000.0,10000.0,0.0
10,1052,1.0,10000,COUNT,Uniform Sampling,10000.0,10000.0,0.0,0.0006701999996039376,0.1,1000,,,
10,1052,1.0,10000,COUNT,Stratified Sampling,10000.0,10000.0,0.0,0.0038980000003903115,0.1,998,,,
10,1052,1.0,10000,COUNT,Adaptive Sampling,10000.0,10000.0,0.0,0.0003810000002886227,0.05,500,10000.0,10000.0,0.0
10,1052,1.0,10000,SUM,Exact Query,4208443.8,4208443.8,0.0,3.460000016275444e-05,1.0,10000,4208443.8,4208443.8,0.0
10,1052,1.0,10000,SUM,Uniform Sampling,4208443.8,4305050.1,0.022955349908676412,0.0003710999999384512,0.1,1000,,,
10,1052,1.0,10000,SUM,Stratified Sampling,4208443.8,4268439.524367772,0.014256035536882358,0.0032837000003382855,0.1,998,,,
10,1052,1.0,10000,SUM,Adaptive Sampling,4208443.8,4244756.8,0.008628605186553756,0.0004336000001785578,0.05,500,3890225.586561332,4599288.013438667,0.0835221498293301
10,1052,1.0,10000,AVG,Exact Query,420.84438,420.84438,0.0,4.250000029060175e-05,1.0,10000,420.84438,420.84438,0.0
10,1052,1.0,10000,AVG,Uniform Sampling,420.84438,430.50501,0.02295534990867652,0.00039180000021588057,0.1,1000,,,
10,1052,1.0,10000,AVG,Stratified Sampling,420.84438,426.8439524367772,0.014256035536882336,0.003345300000091811,0.1,998,,,
10,1052,1.0,10000,AVG,Adaptive Sampling,420.84438,424.47568,0.00862860518655378,0.00043159999995623366,0.05,500,389.02255865613324,459.9288013438668,0.0835221498293301
